#Sex,Length,Diameter,Height,WholeWeight,ShuckedWeight,VisceraWeight,ShellWeight,Rings
1,0.53,0.42,0.135,0.677,0.2565,0.1415,0.21,0
0,0.44,0.365,0.125,0.516,0.2155,0.114,0.155,1
0,0.475,0.37,0.125,0.5095,0.2165,0.1125,0.165,0
0,0.43,0.35,0.11,0.406,0.1675,0.081,0.135,1
1,0.535,0.405,0.145,0.6845,0.2725,0.171,0.205,1
1,0.47,0.355,0.1,0.4755,0.1675,0.0805,0.185,1
1,0.44,0.34,0.1,0.451,0.188,0.087,0.13,1
0,0.45,0.32,0.1,0.381,0.1705,0.075,0.115,0
2,0.38,0.275,0.1,0.2255,0.08,0.049,0.085,1
1,0.55,0.415,0.135,0.7635,0.318,0.21,0.2,0
1,0.615,0.48,0.165,1.1615,0.513,0.301,0.305,1
0,0.58,0.47,0.165,0.9975,0.3935,0.242,0.33,1
0,0.355,0.29,0.09,0.3275,0.134,0.086,0.09,0
1,0.45,0.335,0.105,0.425,0.1865,0.091,0.115,0
0,0.47,0.37,0.12,0.5795,0.293,0.227,0.14,0
1,0.525,0.425,0.16,0.8355,0.3545,0.2135,0.245,0
0,0.485,0.36,0.13,0.5415,0.2595,0.096,0.16,1
1,0.47,0.36,0.12,0.4775,0.2105,0.1055,0.15,1
0,0.505,0.405,0.11,0.625,0.305,0.16,0.175,0
1,0.53,0.41,0.13,0.6965,0.302,0.1935,0.2,1
1,0.475,0.39,0.12,0.5305,0.2135,0.1155,0.17,1
0,0.595,0.475,0.14,0.944,0.3625,0.189,0.315,0
1,0.6,0.47,0.15,0.922,0.363,0.194,0.305,1
1,0.575,0.445,0.14,0.941,0.3845,0.252,0.285,0
0,0.56,0.44,0.16,0.8645,0.3305,0.2075,0.26,1
1,0.46,0.355,0.13,0.517,0.2205,0.114,0.165,0
1,0.625,0.495,0.165,1.262,0.507,0.318,0.39,1
0,0.535,0.435,0.15,0.725,0.269,0.1385,0.25,0
1,0.475,0.375,0.125,0.5785,0.2775,0.085,0.155,1
0,0.53,0.415,0.14,0.724,0.3105,0.1675,0.205,1
1,0.5,0.4,0.125,0.6675,0.261,0.1315,0.22,1
1,0.51,0.39,0.135,0.6335,0.231,0.179,0.2,0
1,0.435,0.395,0.105,0.3635,0.136,0.098,0.13,0
0,0.495,0.395,0.125,0.5415,0.2375,0.1345,0.155,0
0,0.465,0.36,0.105,0.431,0.172,0.107,0.175,0
2,0.435,0.32,0.08,0.3325,0.1485,0.0635,0.105,0
0,0.425,0.35,0.105,0.393,0.13,0.063,0.165,0
0,0.44,0.34,0.105,0.402,0.1305,0.0955,0.165,1
1,0.56,0.43,0.15,0.8825,0.3465,0.172,0.31,0
1,0.47,0.365,0.105,0.4205,0.163,0.1035,0.14,0
1,0.44,0.35,0.125,0.4035,0.175,0.063,0.129,0
0,0.345,0.255,0.09,0.2005,0.094,0.0295,0.063,0
1,0.405,0.325,0.11,0.3555,0.151,0.063,0.117,0
0,0.375,0.285,0.095,0.253,0.096,0.0575,0.0925,0
1,0.565,0.445,0.155,0.826,0.341,0.2055,0.2475,1
1,0.55,0.45,0.145,0.741,0.295,0.1435,0.2665,1
0,0.475,0.375,0.13,0.5175,0.2075,0.1165,0.17,1
1,0.49,0.38,0.125,0.549,0.245,0.1075,0.174,1
0,0.46,0.35,0.12,0.515,0.224,0.108,0.1565,1
2,0.28,0.205,0.08,0.127,0.052,0.039,0.042,0
1,0.605,0.5,0.185,1.1185,0.469,0.2585,0.335,0
1,0.635,0.515,0.19,1.3715,0.5065,0.305,0.45,1
1,0.605,0.485,0.16,1.0565,0.37,0.2355,0.355,1
0,0.515,0.405,0.13,0.722,0.32,0.131,0.21,1
1,0.56,0.45,0.16,1.0235,0.429,0.268,0.3,1
1,0.62,0.475,0.175,1.0165,0.4355,0.214,0.325,1
1,0.63,0.5,0.185,1.383,0.54,0.3315,0.38,1
1,0.585,0.46,0.17,0.9325,0.365,0.271,0.29,0
1,0.51,0.4,0.14,0.8145,0.459,0.1965,0.195,1
0,0.585,0.46,0.185,0.922,0.3635,0.213,0.285,1
1,0.45,0.345,0.12,0.4165,0.1655,0.095,0.135,0
1,0.44,0.34,0.14,0.482,0.186,0.1085,0.16,0
2,0.4,0.3,0.11,0.315,0.109,0.067,0.12,0
1,0.49,0.365,0.145,0.6345,0.1995,0.1625,0.22,1
0,0.5,0.405,0.14,0.6155,0.241,0.1355,0.205,0
0,0.55,0.405,0.14,0.8025,0.244,0.1635,0.255,1
0,0.47,0.36,0.135,0.501,0.1665,0.115,0.165,1
1,0.445,0.325,0.125,0.455,0.1785,0.1125,0.14,0
1,0.49,0.375,0.15,0.5755,0.22,0.144,0.19,0
2,0.425,0.38,0.105,0.3265,0.1285,0.0785,0.1,1
1,0.5,0.37,0.135,0.45,0.1715,0.1055,0.155,0
2,0.295,0.225,0.08,0.124,0.0485,0.032,0.04,0
2,0.35,0.26,0.085,0.174,0.0705,0.0345,0.06,1
2,0.36,0.275,0.085,0.1975,0.0745,0.0415,0.07,0
0,0.545,0.46,0.16,0.8975,0.341,0.1655,0.345,1
0,0.47,0.39,0.15,0.6355,0.2185,0.0885,0.255,0
1,0.455,0.355,0.12,0.4495,0.177,0.104,0.15,0
1,0.535,0.415,0.17,0.879,0.295,0.1965,0.285,1
0,0.53,0.435,0.155,0.699,0.288,0.1595,0.205,1
0,0.44,0.355,0.125,0.4775,0.132,0.0815,0.19,0
1,0.535,0.435,0.16,0.8105,0.3155,0.1795,0.24,1
0,0.37,0.28,0.105,0.234,0.0905,0.0585,0.075,0
1,0.405,0.305,0.095,0.3485,0.1455,0.0895,0.1,0
1,0.47,0.36,0.13,0.472,0.182,0.114,0.15,1
0,0.57,0.435,0.145,0.9055,0.3925,0.2355,0.275,1
0,0.45,0.35,0.1,0.3675,0.1465,0.1015,0.12,1
1,0.525,0.42,0.16,0.756,0.2745,0.173,0.275,0
0,0.58,0.455,0.17,0.93,0.408,0.259,0.22,0
1,0.58,0.455,0.12,1.0735,0.479,0.2735,0.265,1
1,0.585,0.45,0.16,1.077,0.4995,0.2875,0.25,1
0,0.535,0.42,0.145,0.791,0.33,0.189,0.25,1
0,0.485,0.4,0.135,0.663,0.313,0.137,0.2,1
0,0.545,0.425,0.135,0.8445,0.373,0.21,0.235,1
1,0.455,0.37,0.105,0.4925,0.216,0.1245,0.135,0
0,0.46,0.38,0.135,0.482,0.207,0.1225,0.145,1
2,0.465,0.375,0.12,0.471,0.222,0.119,0.14,0
2,0.415,0.325,0.1,0.3215,0.1535,0.0595,0.105,1
0,0.475,0.375,0.125,0.593,0.277,0.115,0.18,1
1,0.47,0.375,0.125,0.5615,0.252,0.137,0.18,1
2,0.365,0.295,0.095,0.25,0.1075,0.0545,0.08,0
1,0.5,0.395,0.14,0.7155,0.3165,0.176,0.24,1
1,0.485,0.365,0.12,0.5885,0.27,0.131,0.175,0
0,0.515,0.455,0.135,0.7225,0.295,0.1625,0.235,0
1,0.515,0.415,0.14,0.6935,0.3115,0.152,0.2,1
0,0.39,0.3,0.09,0.3055,0.143,0.0645,0.085,0
2,0.36,0.275,0.11,0.2335,0.095,0.0525,0.085,1
2,0.395,0.295,0.1,0.2715,0.134,0.0325,0.085,1
1,0.41,0.325,0.105,0.3635,0.159,0.077,0.12,1
1,0.56,0.455,0.19,0.714,0.283,0.129,0.275,0
2,0.36,0.28,0.105,0.199,0.0695,0.045,0.08,0
2,0.415,0.31,0.11,0.2965,0.123,0.057,0.0995,1
1,0.53,0.44,0.135,0.7835,0.313,0.1715,0.2185,0
1,0.515,0.405,0.12,0.646,0.2895,0.1405,0.177,1
2,0.43,0.34,0.12,0.3575,0.151,0.0645,0.1045,0
1,0.545,0.415,0.16,0.7715,0.272,0.1455,0.2765,1
1,0.465,0.35,0.115,0.421,0.1565,0.091,0.1345,0
0,0.555,0.45,0.175,0.874,0.3275,0.202,0.305,1
2,0.68,0.53,0.185,1.1095,0.439,0.245,0.34,1
1,0.455,0.35,0.14,0.5185,0.221,0.1265,0.135,1
1,0.49,0.38,0.145,0.6725,0.249,0.181,0.21,1
0,0.4,0.29,0.115,0.2795,0.1115,0.0575,0.075,0
2,0.365,0.26,0.115,0.218,0.0935,0.0445,0.07,0
0,0.385,0.3,0.095,0.24,0.0885,0.059,0.085,0
1,0.435,0.335,0.11,0.38,0.1695,0.086,0.11,0
2,0.47,0.37,0.14,0.4985,0.2095,0.1225,0.145,1
1,0.375,0.29,0.115,0.2705,0.093,0.066,0.0885,1
1,0.38,0.29,0.105,0.257,0.099,0.051,0.085,1
2,0.485,0.39,0.125,0.591,0.287,0.141,0.12,0
2,0.5,0.385,0.15,0.6265,0.2605,0.1665,0.16,1
0,0.35,0.255,0.065,0.179,0.0705,0.0385,0.06,1
2,0.61,0.475,0.15,0.9665,0.4145,0.2,0.345,1
2,0.56,0.425,0.14,0.9175,0.4005,0.1975,0.26,1
1,0.585,0.435,0.175,0.982,0.4055,0.2495,0.27,1
2,0.52,0.425,0.17,0.6805,0.28,0.174,0.195,1
1,0.37,0.29,0.115,0.25,0.111,0.057,0.075,0
1,0.55,0.43,0.14,0.7135,0.2565,0.186,0.225,0
1,0.385,0.315,0.11,0.286,0.1225,0.0635,0.0835,1
0,0.345,0.27,0.09,0.195,0.078,0.0455,0.059,0
2,0.485,0.37,0.13,0.458,0.181,0.113,0.136,1
0,0.37,0.285,0.1,0.228,0.0675,0.0675,0.081,1
0,0.325,0.24,0.075,0.155,0.0475,0.0355,0.06,0
0,0.31,0.225,0.075,0.1295,0.0455,0.0335,0.044,0
0,0.345,0.255,0.08,0.169,0.06,0.0425,0.054,1
1,0.425,0.335,0.095,0.322,0.1205,0.061,0.125,1
0,0.34,0.265,0.085,0.1835,0.077,0.046,0.065,1
2,0.475,0.365,0.115,0.49,0.223,0.1235,0.1335,0
0,0.46,0.365,0.125,0.467,0.1895,0.0945,0.158,1
2,0.47,0.36,0.13,0.5225,0.198,0.1065,0.165,0
0,0.36,0.295,0.1,0.2105,0.066,0.0525,0.075,0
0,0.45,0.34,0.13,0.3715,0.1605,0.0795,0.105,0
0,0.48,0.375,0.145,0.777,0.216,0.13,0.17,0
1,0.475,0.36,0.125,0.447,0.1695,0.081,0.14,0
1,0.37,0.28,0.11,0.2305,0.0945,0.0465,0.075,1
1,0.415,0.34,0.13,0.3675,0.146,0.0885,0.12,1
1,0.395,0.295,0.095,0.2245,0.078,0.054,0.08,1
0,0.485,0.37,0.14,0.5725,0.204,0.1415,0.175,1
0,0.51,0.4,0.14,0.6515,0.2455,0.1665,0.185,1
0,0.5,0.375,0.15,0.636,0.2535,0.145,0.19,1
0,0.38,0.29,0.12,0.283,0.1175,0.0655,0.085,0
1,0.445,0.33,0.105,0.4525,0.18,0.103,0.123,0
0,0.4,0.3,0.125,0.417,0.191,0.09,0.1175,0
0,0.415,0.325,0.14,0.417,0.1535,0.1015,0.144,1
1,0.345,0.26,0.09,0.207,0.0775,0.0435,0.0765,1
0,0.36,0.295,0.13,0.2765,0.0895,0.057,0.1005,1
0,0.35,0.255,0.08,0.1915,0.08,0.0385,0.063,0
0,0.4,0.305,0.085,0.297,0.108,0.0705,0.1,1
0,0.51,0.39,0.125,0.6565,0.262,0.1835,0.175,1
0,0.445,0.345,0.09,0.3795,0.143,0.074,0.125,1
0,0.52,0.385,0.14,0.6595,0.2485,0.2035,0.16,0
0,0.485,0.355,0.12,0.547,0.215,0.1615,0.14,1
0,0.345,0.27,0.095,0.197,0.0665,0.05,0.07,0
0,0.455,0.34,0.135,0.462,0.1675,0.158,0.12,0
0,0.49,0.38,0.14,0.7605,0.245,0.167,0.185,1
0,0.515,0.435,0.145,0.8815,0.292,0.206,0.255,1
1,0.515,0.39,0.13,0.5755,0.1975,0.13,0.1845,0
1,0.505,0.39,0.16,0.644,0.2475,0.2025,0.1635,0
1,0.57,0.465,0.16,0.8935,0.3145,0.2575,0.263,1
1,0.485,0.375,0.135,0.556,0.1925,0.1315,0.1685,1
0,0.47,0.37,0.18,0.51,0.1915,0.1285,0.1625,0
0,0.44,0.335,0.11,0.394,0.157,0.096,0.122,0
0,0.46,0.34,0.135,0.495,0.1655,0.117,0.185,1
0,0.45,0.335,0.125,0.349,0.119,0.1055,0.115,1
0,0.425,0.33,0.13,0.4405,0.152,0.0935,0.155,0
0,0.515,0.38,0.135,0.6615,0.2875,0.2095,0.155,1
1,0.44,0.34,0.13,0.4195,0.153,0.1155,0.13,1
2,0.44,0.365,0.115,0.501,0.2435,0.084,0.1465,0
2,0.475,0.365,0.125,0.5465,0.229,0.1185,0.172,0
2,0.485,0.355,0.105,0.498,0.2175,0.096,0.1525,0
1,0.495,0.41,0.125,0.7555,0.3355,0.129,0.214,0
0,0.5,0.4,0.125,0.5975,0.27,0.1275,0.166,0
0,0.54,0.405,0.125,0.891,0.4815,0.1915,0.202,0
1,0.545,0.44,0.135,0.9185,0.429,0.2015,0.2375,1
0,0.55,0.45,0.15,1.0145,0.407,0.2015,0.2875,1
1,0.55,0.45,0.15,0.875,0.362,0.1755,0.2765,1
0,0.555,0.435,0.145,0.9685,0.4985,0.168,0.2385,0
0,0.565,0.45,0.155,1.0595,0.4735,0.24,0.265,1
0,0.57,0.455,0.15,0.952,0.3895,0.2155,0.2745,0
0,0.57,0.435,0.13,0.7535,0.349,0.1755,0.194,1
1,0.575,0.465,0.14,0.958,0.442,0.1815,0.2705,0
0,0.59,0.475,0.165,1.077,0.4545,0.244,0.3095,0
1,0.595,0.48,0.15,1.11,0.498,0.228,0.33,1
1,0.6,0.475,0.155,1.21,0.653,0.1695,0.3205,1
1,0.605,0.475,0.175,1.382,0.609,0.2325,0.3985,1
0,0.605,0.455,0.16,1.1035,0.421,0.3015,0.325,0
1,0.615,0.52,0.15,1.3435,0.629,0.2605,0.345,1
0,0.615,0.51,0.15,1.296,0.545,0.3315,0.32,0
0,0.62,0.5,0.165,1.307,0.6355,0.2545,0.315,0
0,0.635,0.51,0.17,1.3555,0.619,0.305,0.39,0
1,0.635,0.5,0.15,1.376,0.6495,0.361,0.31,1
1,0.635,0.485,0.165,1.2945,0.668,0.2605,0.2715,0
0,0.655,0.52,0.165,1.4095,0.586,0.291,0.405,0
0,0.66,0.52,0.19,1.558,0.755,0.298,0.4,1
1,0.67,0.585,0.16,1.309,0.5445,0.2945,0.413,1
1,0.675,0.525,0.155,1.4785,0.628,0.3405,0.42,0
0,0.475,0.37,0.125,0.537,0.222,0.1215,0.15,0
1,0.505,0.39,0.13,0.674,0.3165,0.141,0.1785,0
0,0.505,0.41,0.125,0.642,0.289,0.133,0.155,0
1,0.55,0.445,0.155,0.9905,0.544,0.178,0.218,0
1,0.55,0.43,0.14,0.8105,0.368,0.161,0.275,0
1,0.56,0.455,0.16,0.967,0.4525,0.207,0.274,0
0,0.57,0.45,0.155,1.195,0.5625,0.2565,0.295,1
0,0.57,0.45,0.155,1.1935,0.513,0.21,0.343,1
0,0.575,0.475,0.16,1.114,0.4955,0.2745,0.29,0
1,0.575,0.46,0.16,1.103,0.538,0.221,0.249,0
0,0.58,0.455,0.15,1.012,0.4985,0.2115,0.2835,1
0,0.58,0.49,0.13,1.1335,0.586,0.2565,0.237,0
0,0.595,0.475,0.165,1.213,0.621,0.2435,0.274,0
1,0.595,0.46,0.14,1.0045,0.4655,0.2095,0.2515,0
0,0.595,0.455,0.15,1.044,0.518,0.2205,0.27,0
1,0.605,0.49,0.15,1.1345,0.5265,0.2645,0.295,0
0,0.605,0.475,0.155,1.161,0.572,0.2455,0.275,0
0,0.61,0.475,0.155,1.168,0.554,0.239,0.3295,1
1,0.625,0.48,0.17,1.3525,0.6235,0.278,0.365,1
0,0.625,0.49,0.175,1.3325,0.5705,0.271,0.405,1
1,0.625,0.475,0.175,1.1435,0.4755,0.2475,0.349,1
1,0.625,0.5,0.165,1.288,0.573,0.3035,0.315,0
1,0.625,0.485,0.2,1.38,0.5845,0.302,0.401,0
0,0.635,0.525,0.185,1.4065,0.684,0.3,0.3745,1
0,0.64,0.505,0.155,1.4025,0.705,0.2655,0.335,1
1,0.64,0.5,0.175,1.394,0.4935,0.291,0.4,1
1,0.645,0.5,0.155,1.2205,0.6145,0.236,0.3185,1
1,0.645,0.5,0.16,1.2465,0.5475,0.327,0.3,1
1,0.645,0.515,0.15,1.212,0.515,0.2055,0.385,1
0,0.65,0.495,0.16,1.304,0.57,0.312,0.3725,0
0,0.65,0.525,0.185,1.622,0.6645,0.3225,0.477,1
1,0.655,0.46,0.16,1.494,0.6895,0.331,0.1825,0
1,0.655,0.51,0.175,1.6525,0.8515,0.3365,0.403,1
0,0.66,0.535,0.19,1.5905,0.6425,0.297,0.5175,0
0,0.66,0.495,0.195,1.6275,0.594,0.3595,0.485,1
1,0.675,0.57,0.225,1.587,0.739,0.2995,0.435,1
0,0.69,0.505,0.2,1.872,0.893,0.4015,0.48,1
1,0.695,0.535,0.175,1.8385,0.8035,0.396,0.503,1
0,0.715,0.565,0.175,1.9525,0.7645,0.4185,0.4135,1
2,0.5,0.375,0.12,0.542,0.215,0.116,0.17,0
2,0.51,0.4,0.125,0.5575,0.2615,0.1195,0.1525,0
0,0.52,0.4,0.145,0.7765,0.3525,0.1845,0.185,0
2,0.525,0.4,0.14,0.601,0.2625,0.1285,0.1835,0
0,0.525,0.405,0.12,0.7555,0.3755,0.1555,0.201,0
2,0.535,0.39,0.125,0.599,0.2595,0.149,0.169,0
2,0.54,0.42,0.14,0.6665,0.3125,0.138,0.1895,1
0,0.545,0.41,0.12,0.793,0.434,0.1405,0.19,0
0,0.545,0.415,0.14,0.82,0.4615,0.127,0.218,0
0,0.55,0.425,0.15,0.8315,0.411,0.1765,0.2165,1
0,0.56,0.43,0.145,0.8995,0.464,0.1775,0.234,0
0,0.565,0.455,0.15,0.9595,0.4565,0.2395,0.23,0
1,0.565,0.45,0.175,1.0095,0.447,0.2375,0.2645,0
0,0.57,0.46,0.15,1.0375,0.5415,0.2035,0.25,0
1,0.575,0.45,0.16,1.068,0.556,0.214,0.2575,1
0,0.575,0.435,0.14,0.8455,0.401,0.191,0.222,0
1,0.575,0.47,0.165,0.869,0.435,0.197,0.238,0
0,0.575,0.455,0.135,0.907,0.4245,0.197,0.26,0
2,0.575,0.435,0.13,0.805,0.3155,0.2155,0.245,1
0,0.575,0.445,0.17,1.0225,0.549,0.2175,0.228,0
0,0.575,0.445,0.145,0.847,0.415,0.1945,0.22,0
0,0.58,0.455,0.195,1.859,0.945,0.426,0.441,0
0,0.58,0.445,0.135,0.814,0.3775,0.1915,0.22,0
0,0.58,0.45,0.14,0.9615,0.486,0.1815,0.253,0
1,0.58,0.45,0.155,0.93,0.385,0.246,0.265,0
0,0.585,0.46,0.145,0.9335,0.478,0.1825,0.235,0
1,0.6,0.475,0.16,1.0265,0.485,0.2495,0.2565,0
0,0.6,0.465,0.155,1.0165,0.512,0.2465,0.225,1
1,0.605,0.47,0.165,1.1775,0.611,0.2275,0.292,0
0,0.605,0.475,0.14,1.1175,0.555,0.257,0.274,0
0,0.605,0.48,0.17,1.1835,0.582,0.2365,0.317,1
1,0.605,0.475,0.165,1.056,0.433,0.2195,0.357,0
0,0.61,0.485,0.145,1.3305,0.783,0.2255,0.2865,0
0,0.61,0.47,0.165,1.052,0.498,0.242,0.267,0
0,0.615,0.46,0.17,1.0565,0.4815,0.272,0.27,1
1,0.615,0.465,0.15,0.923,0.4615,0.1825,0.2415,0
1,0.615,0.475,0.155,1.027,0.447,0.25,0.285,0
1,0.625,0.485,0.175,1.3745,0.7335,0.2715,0.332,0
0,0.63,0.5,0.175,1.2645,0.5635,0.3065,0.3425,1
1,0.635,0.495,0.015,1.1565,0.5115,0.308,0.2885,0
0,0.64,0.515,0.165,1.369,0.632,0.3415,0.358,1
0,0.645,0.53,0.195,1.39,0.6465,0.2945,0.3735,1
1,0.645,0.48,0.17,1.1345,0.528,0.254,0.305,1
1,0.65,0.5,0.19,1.464,0.6415,0.339,0.4245,0
1,0.655,0.51,0.175,1.415,0.5885,0.3725,0.364,1
2,0.665,0.5,0.17,1.2975,0.6035,0.291,0.3595,0
1,0.67,0.505,0.205,1.3645,0.6075,0.3025,0.353,0
0,0.685,0.52,0.165,1.519,0.699,0.3685,0.4,1
1,0.69,0.54,0.155,1.454,0.624,0.3105,0.39,0
1,0.69,0.53,0.17,1.5535,0.7945,0.3485,0.3695,0
0,0.695,0.56,0.185,1.74,0.885,0.3715,0.4375,1
0,0.7,0.565,0.18,1.751,0.895,0.3355,0.446,0
1,0.7,0.525,0.19,1.6465,0.8545,0.307,0.3995,0
1,0.705,0.55,0.17,1.219,0.6395,0.236,0.301,0
0,0.715,0.535,0.19,1.6755,0.889,0.313,0.42,1
1,0.72,0.58,0.195,2.103,1.0265,0.48,0.5375,1
1,0.72,0.55,0.2,1.9965,0.9035,0.469,0.5215,1
0,0.755,0.58,0.205,2.0065,0.8295,0.4015,0.595,1
2,0.385,0.29,0.09,0.2615,0.111,0.0595,0.0745,0
2,0.44,0.34,0.12,0.438,0.2115,0.083,0.12,0
2,0.45,0.33,0.105,0.448,0.208,0.089,0.12,0
2,0.46,0.35,0.105,0.3705,0.1575,0.077,0.114,0
2,0.48,0.37,0.125,0.5435,0.244,0.101,0.165,0
2,0.5,0.38,0.135,0.594,0.2945,0.104,0.1565,0
0,0.5,0.42,0.135,0.6765,0.302,0.1415,0.2065,0
2,0.5,0.375,0.145,0.5795,0.239,0.1375,0.185,0
2,0.5,0.41,0.14,0.6615,0.2585,0.1625,0.196,0
2,0.5,0.395,0.14,0.6215,0.2925,0.1205,0.195,0
2,0.515,0.4,0.135,0.6965,0.32,0.1255,0.175,0
2,0.52,0.4,0.13,0.5825,0.233,0.1365,0.18,1
2,0.52,0.395,0.125,0.663,0.3005,0.131,0.1905,0
2,0.525,0.4,0.125,0.6965,0.369,0.1385,0.164,0
0,0.525,0.42,0.155,0.842,0.428,0.1415,0.2045,0
2,0.53,0.415,0.13,0.694,0.3905,0.111,0.167,0
2,0.53,0.42,0.155,0.81,0.4725,0.111,0.192,1
2,0.53,0.415,0.11,0.5745,0.2525,0.1235,0.189,0
2,0.53,0.425,0.13,0.7675,0.419,0.1205,0.21,0
2,0.535,0.4,0.135,0.6025,0.2895,0.121,0.154,0
1,0.535,0.41,0.13,0.7145,0.335,0.144,0.2075,0
0,0.535,0.435,0.15,0.717,0.3475,0.1445,0.194,0
1,0.54,0.42,0.145,0.8655,0.4315,0.163,0.2175,1
2,0.54,0.42,0.14,0.7265,0.3205,0.1445,0.229,0
1,0.545,0.445,0.15,0.8,0.3535,0.163,0.207,0
2,0.545,0.43,0.15,0.7285,0.302,0.1315,0.2545,1
1,0.55,0.405,0.125,0.651,0.2965,0.137,0.2,0
0,0.55,0.43,0.15,0.8745,0.413,0.1905,0.248,0
2,0.55,0.435,0.14,0.7535,0.3285,0.1555,0.2325,1
2,0.55,0.425,0.135,0.7305,0.3325,0.1545,0.215,0
0,0.555,0.44,0.14,0.8705,0.407,0.156,0.255,0
2,0.555,0.43,0.155,0.7395,0.3135,0.1435,0.28,1
2,0.555,0.43,0.14,0.7665,0.341,0.165,0.23,0
2,0.555,0.425,0.145,0.7905,0.3485,0.1765,0.225,0
2,0.56,0.425,0.135,0.8205,0.3715,0.185,0.236,0
2,0.56,0.425,0.145,0.688,0.3095,0.1305,0.2165,0
1,0.56,0.445,0.155,1.224,0.5565,0.3225,0.2695,1
2,0.56,0.455,0.145,0.974,0.547,0.1615,0.235,0
2,0.57,0.45,0.145,0.751,0.2825,0.2195,0.2215,1
1,0.57,0.46,0.135,0.9795,0.397,0.2525,0.2655,0
0,0.57,0.435,0.17,0.873,0.382,0.183,0.2705,1
2,0.57,0.44,0.13,0.7665,0.347,0.1785,0.202,1
0,0.57,0.435,0.125,0.8965,0.383,0.1835,0.275,0
1,0.575,0.42,0.135,0.857,0.461,0.147,0.2125,1
1,0.575,0.48,0.165,1.078,0.511,0.2095,0.306,0
0,0.575,0.46,0.155,0.892,0.4415,0.176,0.22,1
0,0.58,0.46,0.155,1.4395,0.6715,0.273,0.2955,1
0,0.58,0.455,0.135,0.7955,0.405,0.167,0.204,1
0,0.585,0.465,0.155,0.9145,0.4555,0.1965,0.235,0
0,0.585,0.49,0.185,1.171,0.522,0.2535,0.335,1
2,0.585,0.475,0.16,1.0505,0.48,0.234,0.285,1
0,0.585,0.46,0.165,1.1135,0.5825,0.2345,0.274,1
0,0.585,0.47,0.165,1.409,0.8,0.229,0.295,1
0,0.585,0.475,0.15,1.065,0.5315,0.199,0.2885,1
2,0.59,0.445,0.135,0.7715,0.328,0.1745,0.23,0
0,0.59,0.47,0.18,1.187,0.5985,0.227,0.31,0
0,0.59,0.455,0.155,0.8855,0.388,0.188,0.275,1
1,0.595,0.465,0.15,0.98,0.4115,0.196,0.2255,1
0,0.6,0.475,0.17,1.1315,0.508,0.272,0.309,1
2,0.6,0.475,0.15,1.12,0.565,0.2465,0.27,1
1,0.6,0.455,0.145,0.8895,0.419,0.1715,0.269,1
0,0.605,0.49,0.14,0.9755,0.419,0.206,0.315,1
1,0.605,0.475,0.175,1.076,0.463,0.2195,0.335,0
0,0.61,0.45,0.15,0.871,0.407,0.1835,0.25,1
0,0.61,0.475,0.17,1.0265,0.435,0.2335,0.3035,1
2,0.61,0.465,0.15,0.9605,0.4495,0.1725,0.286,0
0,0.61,0.48,0.17,1.137,0.4565,0.29,0.347,1
0,0.61,0.46,0.16,1,0.494,0.197,0.275,1
1,0.615,0.475,0.155,1.004,0.4475,0.193,0.2895,1
0,0.615,0.47,0.165,1.128,0.4465,0.2195,0.34,1
0,0.615,0.5,0.17,1.054,0.4845,0.228,0.295,1
0,0.615,0.475,0.17,1.129,0.4795,0.302,0.3,1
0,0.615,0.48,0.175,1.118,0.446,0.3195,0.3,0
1,0.615,0.475,0.155,1.115,0.484,0.2115,0.355,1
0,0.62,0.51,0.175,1.2815,0.5715,0.2385,0.39,1
1,0.62,0.5,0.15,1.293,0.596,0.3135,0.354,1
1,0.62,0.475,0.16,1.1295,0.463,0.2685,0.33,1
0,0.625,0.455,0.17,1.082,0.4955,0.2345,0.315,0
1,0.625,0.515,0.16,1.264,0.5715,0.326,0.321,0
1,0.63,0.485,0.17,1.3205,0.5945,0.345,0.345,0
2,0.63,0.475,0.145,1.0605,0.5165,0.2195,0.28,1
0,0.635,0.49,0.16,1.101,0.534,0.1865,0.3455,1
1,0.635,0.5,0.165,1.4595,0.705,0.2645,0.39,0
1,0.635,0.495,0.175,1.211,0.707,0.2725,0.323,0
0,0.635,0.475,0.17,1.1935,0.5205,0.2695,0.3665,1
0,0.635,0.51,0.155,0.986,0.405,0.2255,0.31,1
0,0.64,0.525,0.18,1.3135,0.4865,0.2995,0.4075,1
0,0.645,0.5,0.195,1.401,0.6165,0.3515,0.3725,1
0,0.65,0.51,0.19,1.542,0.7155,0.3735,0.375,0
1,0.65,0.51,0.17,1.567,0.7245,0.349,0.391,1
1,0.655,0.525,0.19,1.3595,0.564,0.3215,0.3985,1
1,0.655,0.52,0.19,1.4545,0.6,0.3865,0.383,1
0,0.655,0.49,0.175,1.3585,0.6395,0.294,0.365,1
1,0.66,0.495,0.21,1.548,0.724,0.3525,0.3925,1
1,0.66,0.515,0.17,1.337,0.615,0.3125,0.3575,1
1,0.665,0.53,0.18,1.491,0.6345,0.342,0.435,1
1,0.67,0.505,0.175,1.0145,0.4375,0.271,0.3745,1
0,0.685,0.545,0.205,1.7925,0.8145,0.416,0.461,0
0,0.705,0.565,0.515,2.21,1.1075,0.4865,0.512,1
1,0.745,0.57,0.215,2.25,1.1565,0.446,0.558,0
0,0.415,0.315,0.115,0.3895,0.2015,0.065,0.103,0
2,0.44,0.365,0.11,0.4465,0.213,0.089,0.1135,0
2,0.47,0.345,0.14,0.4615,0.229,0.1105,0.116,0
0,0.505,0.385,0.105,0.5525,0.239,0.1245,0.1555,0
1,0.505,0.38,0.135,0.6855,0.361,0.1565,0.161,0
2,0.53,0.43,0.13,0.7045,0.346,0.1415,0.189,0
1,0.545,0.41,0.14,0.7405,0.3565,0.1775,0.203,0
0,0.55,0.425,0.16,0.793,0.343,0.2035,0.215,0
1,0.56,0.435,0.15,0.8715,0.4755,0.1835,0.1835,0
0,0.575,0.465,0.15,1.08,0.595,0.2065,0.238,0
1,0.58,0.46,0.175,1.165,0.65,0.2205,0.3055,0
1,0.58,0.435,0.14,0.953,0.475,0.2165,0.2095,0
1,0.59,0.465,0.15,1.151,0.613,0.239,0.2515,0
1,0.595,0.455,0.16,1.04,0.452,0.2655,0.288,0
0,0.6,0.465,0.2,1.259,0.6405,0.1985,0.357,0
1,0.605,0.485,0.16,1.201,0.417,0.2875,0.38,0
1,0.605,0.515,0.17,1.289,0.6,0.2945,0.3315,0
0,0.62,0.485,0.155,1.049,0.462,0.231,0.25,1
0,0.62,0.48,0.165,1.0725,0.4815,0.235,0.312,0
0,0.625,0.52,0.175,1.4105,0.691,0.322,0.3465,1
0,0.63,0.47,0.145,1.1005,0.52,0.26,0.276,0
1,0.63,0.5,0.175,1.1105,0.467,0.268,0.329,1
0,0.63,0.455,0.15,1.1315,0.481,0.2745,0.305,0
1,0.63,0.49,0.225,1.336,0.6805,0.259,0.3245,1
1,0.635,0.505,0.145,1.1345,0.505,0.2655,0.315,1
1,0.64,0.515,0.205,1.5335,0.6635,0.3345,0.4025,0
1,0.645,0.515,0.175,1.546,0.7035,0.365,0.415,1
1,0.65,0.545,0.175,1.5245,0.59,0.326,0.495,1
0,0.65,0.515,0.175,1.466,0.677,0.3045,0.4,1
1,0.65,0.5,0.16,1.3825,0.702,0.304,0.3195,0
0,0.66,0.505,0.165,1.374,0.589,0.351,0.345,1
1,0.665,0.515,0.18,1.389,0.5945,0.324,0.395,1
0,0.67,0.51,0.175,1.5265,0.651,0.4475,0.345,1
0,0.67,0.5,0.19,1.519,0.616,0.388,0.415,1
0,0.705,0.56,0.165,1.675,0.797,0.4095,0.388,1
0,0.74,0.57,0.18,1.8725,0.9115,0.427,0.446,1
2,0.455,0.36,0.115,0.457,0.2085,0.0855,0.147,1
2,0.465,0.37,0.12,0.4365,0.188,0.0815,0.147,0
2,0.48,0.37,0.125,0.474,0.179,0.1035,0.175,0
2,0.5,0.375,0.14,0.559,0.2375,0.135,0.169,0
2,0.515,0.36,0.125,0.4725,0.1815,0.125,0.138,0
2,0.515,0.35,0.105,0.4745,0.213,0.123,0.1275,1
2,0.52,0.41,0.145,0.646,0.2965,0.1595,0.165,0
2,0.525,0.39,0.12,0.664,0.3115,0.147,0.178,0
0,0.525,0.4,0.155,0.707,0.282,0.1605,0.225,0
2,0.53,0.43,0.135,0.6255,0.245,0.1455,0.2135,1
2,0.53,0.4,0.145,0.555,0.1935,0.1305,0.195,0
2,0.54,0.43,0.17,0.836,0.3725,0.1815,0.24,0
2,0.54,0.425,0.14,0.742,0.32,0.1395,0.25,0
2,0.54,0.43,0.14,0.8195,0.3935,0.1725,0.2295,0
0,0.54,0.455,0.14,0.972,0.419,0.255,0.269,1
2,0.54,0.42,0.14,0.6275,0.2505,0.1175,0.235,0
2,0.54,0.425,0.13,0.7205,0.2955,0.169,0.225,1
2,0.545,0.4,0.13,0.686,0.3285,0.1455,0.18,0
0,0.55,0.435,0.14,0.7625,0.327,0.1685,0.259,1
2,0.55,0.425,0.15,0.639,0.269,0.1345,0.217,0
2,0.555,0.395,0.13,0.5585,0.222,0.1245,0.17,0
2,0.56,0.445,0.15,0.8225,0.3685,0.187,0.236,1
0,0.56,0.425,0.135,0.849,0.3265,0.221,0.2645,1
2,0.565,0.42,0.155,0.743,0.31,0.186,0.231,0
1,0.565,0.44,0.15,0.863,0.435,0.149,0.27,0
0,0.565,0.44,0.125,0.802,0.3595,0.1825,0.215,0
0,0.565,0.43,0.15,0.831,0.4245,0.1735,0.219,1
0,0.57,0.45,0.14,0.795,0.3385,0.148,0.245,0
2,0.57,0.435,0.17,0.848,0.4,0.166,0.25,0
2,0.57,0.43,0.145,0.833,0.354,0.144,0.2815,1
2,0.57,0.445,0.155,0.867,0.3705,0.1705,0.28,0
2,0.575,0.425,0.135,0.7965,0.364,0.196,0.239,1
1,0.575,0.47,0.155,1.116,0.509,0.238,0.34,1
2,0.575,0.45,0.125,0.78,0.3275,0.188,0.235,0
0,0.575,0.47,0.185,0.985,0.3745,0.2175,0.355,1
2,0.575,0.445,0.17,0.8015,0.3475,0.1465,0.25,0
2,0.575,0.45,0.135,0.807,0.3615,0.176,0.254,1
0,0.575,0.445,0.16,0.839,0.4005,0.198,0.239,0
0,0.58,0.46,0.155,1.0335,0.469,0.2225,0.295,1
0,0.58,0.43,0.13,0.798,0.365,0.173,0.2285,1
2,0.58,0.445,0.125,0.7095,0.303,0.1405,0.235,0
1,0.585,0.445,0.14,0.913,0.4305,0.2205,0.253,1
0,0.59,0.49,0.165,1.207,0.559,0.235,0.309,1
2,0.59,0.45,0.145,1.022,0.428,0.268,0.265,1
0,0.595,0.45,0.14,0.838,0.3965,0.194,0.217,1
0,0.595,0.45,0.145,0.959,0.463,0.2065,0.2535,1
1,0.6,0.475,0.15,1.13,0.575,0.196,0.305,0
0,0.6,0.48,0.165,0.9165,0.4135,0.1965,0.2725,0
1,0.6,0.48,0.18,1.0645,0.4495,0.2455,0.325,1
0,0.6,0.47,0.165,1.059,0.504,0.241,0.275,0
0,0.6,0.47,0.16,1.194,0.5625,0.3045,0.2635,1
1,0.605,0.455,0.145,0.9775,0.468,0.1775,0.275,0
2,0.605,0.47,0.145,0.8025,0.379,0.2265,0.22,0
1,0.605,0.47,0.155,0.974,0.393,0.224,0.3345,0
0,0.61,0.475,0.155,0.983,0.4565,0.228,0.266,1
1,0.61,0.465,0.16,1.0725,0.4835,0.2515,0.28,1
0,0.61,0.47,0.16,1.022,0.449,0.2345,0.2945,0
1,0.61,0.475,0.16,1.1155,0.3835,0.223,0.379,1
2,0.61,0.465,0.125,0.9225,0.436,0.19,0.26,0
0,0.61,0.47,0.17,1.1185,0.5225,0.2405,0.31,0
0,0.615,0.47,0.16,1.0175,0.473,0.2395,0.28,1
0,0.615,0.475,0.175,1.224,0.6035,0.261,0.311,0
2,0.62,0.47,0.14,0.8565,0.3595,0.16,0.295,0
2,0.62,0.45,0.135,0.924,0.358,0.2265,0.2965,1
1,0.62,0.48,0.175,1.0405,0.464,0.2225,0.3,0
0,0.625,0.475,0.16,1.0845,0.5005,0.2355,0.3105,1
0,0.625,0.5,0.17,1.0985,0.4645,0.22,0.354,0
1,0.625,0.485,0.175,1.362,0.6765,0.2615,0.3705,1
2,0.625,0.485,0.15,1.044,0.438,0.2865,0.278,0
0,0.63,0.505,0.17,1.0915,0.4615,0.266,0.3,0
0,0.63,0.485,0.165,1.233,0.6565,0.2315,0.3035,1
1,0.635,0.49,0.175,1.2435,0.5805,0.313,0.305,1
1,0.635,0.49,0.17,1.2615,0.5385,0.2665,0.38,0
1,0.64,0.505,0.165,1.2235,0.5215,0.2695,0.36,1
0,0.64,0.515,0.18,1.247,0.5475,0.2925,0.3685,1
0,0.645,0.505,0.15,1.1605,0.519,0.2615,0.335,1
0,0.645,0.51,0.19,1.4745,0.605,0.345,0.48,0
0,0.645,0.51,0.195,1.226,0.5885,0.2215,0.3745,1
0,0.645,0.51,0.16,1.33,0.6665,0.309,0.317,0
1,0.645,0.51,0.16,1.2415,0.5815,0.276,0.315,0
0,0.645,0.5,0.175,1.3375,0.554,0.308,0.415,1
1,0.645,0.51,0.19,1.363,0.573,0.362,0.36,1
0,0.645,0.485,0.15,1.2215,0.5695,0.2735,0.33,0
1,0.65,0.495,0.155,1.337,0.615,0.3195,0.335,0
0,0.65,0.51,0.16,1.3835,0.6385,0.2905,0.3665,0
0,0.655,0.55,0.18,1.274,0.586,0.281,0.365,1
1,0.655,0.51,0.15,1.043,0.4795,0.223,0.305,0
0,0.66,0.5,0.165,1.3195,0.667,0.269,0.341,0
0,0.66,0.53,0.195,1.5505,0.6505,0.3295,0.495,1
0,0.665,0.5,0.175,1.2975,0.6075,0.314,0.315,0
1,0.67,0.55,0.155,1.566,0.858,0.339,0.354,1
1,0.675,0.51,0.195,1.382,0.6045,0.3175,0.3965,1
0,0.68,0.52,0.195,1.4535,0.592,0.391,0.4125,1
0,0.7,0.565,0.175,1.8565,0.8445,0.3935,0.54,1
1,0.71,0.54,0.205,1.5805,0.802,0.287,0.435,1
0,0.72,0.57,0.2,1.8275,0.919,0.366,0.485,1
2,0.465,0.325,0.14,0.7615,0.362,0.1535,0.209,1
0,0.485,0.37,0.155,0.968,0.419,0.2455,0.2365,0
2,0.485,0.345,0.16,0.869,0.3085,0.185,0.319,0
0,0.5,0.37,0.15,1.0615,0.494,0.223,0.296,0
0,0.515,0.35,0.155,0.9225,0.4185,0.198,0.273,0
0,0.525,0.365,0.17,0.9605,0.438,0.2225,0.276,1
1,0.545,0.415,0.2,1.358,0.567,0.318,0.403,1
1,0.545,0.385,0.15,1.1185,0.5425,0.2445,0.2845,0
1,0.55,0.38,0.165,1.205,0.543,0.294,0.3345,1
0,0.55,0.42,0.16,1.3405,0.6325,0.311,0.344,1
0,0.57,0.455,0.175,1.02,0.4805,0.2145,0.29,0
0,0.575,0.44,0.185,1.025,0.5075,0.2245,0.2485,1
2,0.575,0.45,0.13,0.8145,0.403,0.1715,0.213,1
1,0.58,0.43,0.17,1.48,0.6535,0.324,0.4155,1
0,0.585,0.455,0.145,0.953,0.3945,0.2685,0.258,1
0,0.6,0.465,0.165,1.038,0.4975,0.2205,0.251,0
0,0.605,0.475,0.175,1.2525,0.5575,0.3055,0.343,0
0,0.605,0.475,0.15,1.15,0.575,0.232,0.297,1
1,0.615,0.455,0.145,1.1155,0.5045,0.238,0.315,1
0,0.62,0.47,0.145,1.0865,0.511,0.2715,0.2565,1
0,0.625,0.495,0.175,1.254,0.5815,0.286,0.3185,0
1,0.635,0.475,0.15,1.1845,0.533,0.307,0.291,1
0,0.645,0.5,0.16,1.3815,0.672,0.326,0.315,0
0,0.65,0.485,0.16,1.7395,0.5715,0.2785,0.3075,1
1,0.655,0.52,0.2,1.5475,0.713,0.314,0.466,0
0,0.655,0.545,0.19,1.4245,0.6325,0.333,0.378,1
1,0.675,0.53,0.175,1.4465,0.6775,0.33,0.389,1
1,0.685,0.535,0.175,1.5845,0.7175,0.3775,0.4215,0
1,0.695,0.55,0.185,1.679,0.805,0.4015,0.3965,1
1,0.72,0.55,0.195,2.073,1.0715,0.4265,0.5015,0
2,0.475,0.34,0.105,0.4535,0.203,0.08,0.1465,0
2,0.485,0.37,0.115,0.457,0.1885,0.0965,0.15,0
2,0.5,0.38,0.11,0.5605,0.28,0.106,0.15,0
1,0.51,0.4,0.12,0.7005,0.347,0.1105,0.195,1
2,0.515,0.415,0.135,0.7125,0.285,0.152,0.245,1
2,0.515,0.42,0.15,0.6725,0.2555,0.1335,0.235,1
2,0.52,0.415,0.14,0.6375,0.308,0.1335,0.168,0
2,0.52,0.395,0.125,0.5805,0.2445,0.146,0.165,0
2,0.52,0.385,0.115,0.581,0.2555,0.156,0.143,1
2,0.525,0.415,0.12,0.596,0.2805,0.12,0.1695,0
2,0.525,0.4,0.145,0.6095,0.248,0.159,0.175,0
2,0.53,0.43,0.16,0.7245,0.321,0.1275,0.24,0
2,0.53,0.395,0.13,0.575,0.247,0.115,0.183,0
2,0.53,0.405,0.12,0.632,0.2715,0.148,0.1875,0
2,0.535,0.455,0.14,1.0015,0.53,0.1765,0.244,0
1,0.54,0.425,0.16,0.9455,0.3675,0.2005,0.295,0
2,0.54,0.395,0.135,0.6555,0.2705,0.155,0.192,0
2,0.545,0.425,0.14,0.8145,0.305,0.231,0.244,1
2,0.545,0.43,0.14,0.687,0.2615,0.1405,0.25,0
2,0.55,0.435,0.14,0.7995,0.295,0.1905,0.238,1
2,0.555,0.45,0.175,0.738,0.304,0.1755,0.22,0
0,0.555,0.455,0.135,0.837,0.382,0.171,0.235,0
2,0.56,0.445,0.165,0.832,0.3455,0.179,0.279,0
2,0.565,0.435,0.145,0.8445,0.3975,0.158,0.255,0
0,0.565,0.45,0.16,0.895,0.415,0.195,0.246,0
2,0.565,0.46,0.155,0.8715,0.3755,0.215,0.25,1
0,0.57,0.44,0.175,0.9415,0.3805,0.2285,0.283,0
1,0.57,0.44,0.12,0.803,0.382,0.1525,0.234,0
0,0.575,0.45,0.13,0.785,0.318,0.193,0.2265,0
0,0.575,0.45,0.155,0.9765,0.495,0.2145,0.235,0
0,0.575,0.435,0.135,0.992,0.432,0.2225,0.239,1
0,0.575,0.445,0.145,0.876,0.3795,0.1615,0.27,1
1,0.575,0.465,0.175,1.099,0.4735,0.202,0.35,0
2,0.575,0.45,0.135,0.8715,0.45,0.162,0.225,1
1,0.575,0.43,0.155,0.7955,0.3485,0.1925,0.22,0
0,0.575,0.475,0.145,0.857,0.3665,0.173,0.269,0
1,0.58,0.45,0.195,0.8265,0.4035,0.173,0.225,0
1,0.58,0.5,0.165,0.925,0.37,0.185,0.3005,1
0,0.58,0.44,0.15,1.0465,0.518,0.2185,0.2795,1
2,0.58,0.44,0.145,0.7905,0.3525,0.1645,0.242,1
0,0.58,0.44,0.16,0.8295,0.3365,0.2005,0.2485,0
0,0.595,0.455,0.15,0.886,0.4315,0.201,0.223,1
0,0.6,0.475,0.15,0.99,0.386,0.2195,0.3105,1
2,0.605,0.49,0.165,1.071,0.482,0.1935,0.352,1
1,0.605,0.455,0.145,0.862,0.334,0.1985,0.3,0
0,0.605,0.47,0.18,1.1155,0.479,0.2565,0.321,1
1,0.61,0.46,0.145,1.1185,0.478,0.2945,0.2985,1
0,0.615,0.47,0.15,1.0875,0.4975,0.283,0.2685,0
0,0.615,0.495,0.2,1.219,0.564,0.227,0.3885,1
0,0.62,0.49,0.15,1.195,0.4605,0.302,0.355,0
0,0.62,0.47,0.15,1.309,0.587,0.4405,0.325,0
0,0.625,0.515,0.17,1.331,0.5725,0.3005,0.361,0
0,0.625,0.505,0.185,1.1565,0.52,0.2405,0.3535,1
0,0.63,0.49,0.155,1.2525,0.63,0.246,0.289,0
0,0.635,0.515,0.165,1.229,0.5055,0.2975,0.3535,1
1,0.64,0.48,0.145,1.1145,0.508,0.24,0.34,1
1,0.64,0.515,0.165,1.3115,0.4945,0.2555,0.41,1
2,0.64,0.49,0.135,1.1,0.488,0.2505,0.2925,1
0,0.64,0.49,0.155,1.1285,0.477,0.269,0.34,0
2,0.65,0.52,0.15,1.238,0.5495,0.296,0.3305,1
1,0.65,0.51,0.185,1.375,0.531,0.384,0.3985,1
1,0.655,0.525,0.175,1.348,0.5855,0.2605,0.394,1
0,0.655,0.52,0.17,1.1445,0.53,0.223,0.348,0
1,0.66,0.535,0.205,1.4415,0.5925,0.2775,0.49,1
1,0.665,0.5,0.15,1.2475,0.4625,0.2955,0.3595,1
0,0.68,0.54,0.155,1.534,0.671,0.379,0.384,1
0,0.685,0.535,0.155,1.3845,0.6615,0.2145,0.4075,1
1,0.705,0.535,0.22,1.866,0.929,0.3835,0.4395,1
2,0.355,0.27,0.105,0.271,0.1425,0.0525,0.0735,0
0,0.47,0.365,0.135,0.522,0.2395,0.1525,0.145,1
2,0.47,0.375,0.105,0.441,0.167,0.0865,0.145,1
0,0.505,0.39,0.12,0.653,0.3315,0.1385,0.167,0
0,0.505,0.385,0.115,0.4825,0.21,0.1035,0.1535,1
2,0.51,0.455,0.135,0.6855,0.2875,0.154,0.2035,0
0,0.515,0.4,0.14,0.6335,0.288,0.145,0.168,0
0,0.525,0.41,0.13,0.6875,0.3435,0.1495,0.1765,0
1,0.53,0.43,0.15,0.741,0.325,0.1855,0.196,0
1,0.53,0.405,0.13,0.6355,0.2635,0.1565,0.185,0
1,0.55,0.47,0.15,0.9205,0.381,0.2435,0.2675,1
1,0.56,0.41,0.16,0.8215,0.342,0.184,0.253,0
0,0.565,0.445,0.145,0.9255,0.4345,0.212,0.2475,0
1,0.57,0.435,0.15,0.8295,0.3875,0.156,0.245,1
0,0.58,0.46,0.16,1.063,0.513,0.2705,0.2625,0
0,0.59,0.465,0.165,1.115,0.5165,0.273,0.275,1
1,0.6,0.45,0.14,0.837,0.37,0.177,0.2425,1
0,0.61,0.49,0.16,1.112,0.465,0.228,0.341,1
0,0.66,0.515,0.195,1.5655,0.7345,0.353,0.386,0
2,0.44,0.305,0.115,0.379,0.162,0.091,0.11,0
2,0.465,0.355,0.09,0.4325,0.2005,0.074,0.1275,0
0,0.5,0.39,0.135,0.7815,0.361,0.1575,0.2385,0
1,0.54,0.385,0.14,0.7655,0.3265,0.116,0.2365,1
1,0.54,0.42,0.13,0.7505,0.368,0.1675,0.1845,0
1,0.545,0.43,0.16,0.844,0.3945,0.1855,0.231,0
0,0.55,0.41,0.13,0.8705,0.4455,0.2115,0.213,0
1,0.565,0.44,0.135,0.83,0.393,0.1735,0.238,0
0,0.595,0.465,0.15,0.919,0.4335,0.1765,0.262,0
1,0.6,0.47,0.19,1.1345,0.492,0.2595,0.3375,1
1,0.62,0.49,0.16,1.056,0.493,0.244,0.2725,0
0,0.645,0.495,0.15,1.2095,0.603,0.2225,0.339,0
1,0.665,0.525,0.21,1.644,0.818,0.3395,0.4275,1
1,0.705,0.57,0.185,1.761,0.747,0.3725,0.488,1
1,0.71,0.5,0.15,1.3165,0.6835,0.2815,0.28,1
1,0.73,0.555,0.18,1.6895,0.6555,0.1965,0.4935,1
0,0.53,0.425,0.13,0.7455,0.2995,0.1355,0.245,1
1,0.4,0.31,0.115,0.3465,0.1475,0.0695,0.115,1
2,0.37,0.29,0.1,0.25,0.1025,0.0505,0.085,1
2,0.41,0.31,0.11,0.315,0.124,0.082,0.095,0
0,0.375,0.29,0.1,0.276,0.1175,0.0565,0.085,0
0,0.585,0.48,0.185,1.04,0.434,0.265,0.285,1
2,0.455,0.355,0.08,0.452,0.2165,0.0995,0.125,0
2,0.455,0.37,0.125,0.433,0.201,0.1265,0.145,0
2,0.475,0.36,0.11,0.4555,0.177,0.0965,0.145,0
1,0.5,0.4,0.125,0.5765,0.2395,0.126,0.185,1
0,0.585,0.455,0.14,0.97,0.462,0.185,0.295,0
1,0.52,0.41,0.125,0.6985,0.2945,0.1625,0.215,1
0,0.44,0.35,0.11,0.4585,0.2,0.0885,0.13,0
1,0.56,0.425,0.125,0.932,0.361,0.213,0.335,0
1,0.59,0.455,0.175,0.966,0.391,0.2455,0.31,1
1,0.45,0.36,0.125,0.5065,0.222,0.105,0.16,1
2,0.46,0.35,0.11,0.3945,0.1685,0.0865,0.125,0
0,0.47,0.37,0.105,0.4665,0.2025,0.1015,0.155,1
0,0.455,0.35,0.105,0.401,0.1575,0.083,0.135,0
1,0.415,0.325,0.115,0.3455,0.1405,0.0765,0.11,0
0,0.445,0.355,0.11,0.4415,0.1805,0.1035,0.1505,1
0,0.55,0.44,0.135,0.879,0.368,0.2095,0.265,1
1,0.55,0.47,0.15,0.897,0.377,0.184,0.29,0
1,0.61,0.45,0.16,1.136,0.414,0.311,0.3,0
0,0.595,0.465,0.125,0.799,0.3245,0.2,0.23,1
0,0.445,0.34,0.12,0.4475,0.193,0.1035,0.13,0
1,0.52,0.4,0.125,0.6865,0.295,0.1715,0.185,0
1,0.49,0.37,0.14,0.585,0.243,0.115,0.195,1
2,0.405,0.305,0.105,0.3625,0.1565,0.0705,0.125,1
1,0.455,0.35,0.14,0.5725,0.1965,0.1325,0.175,1
1,0.55,0.425,0.145,0.797,0.297,0.15,0.265,0
1,0.505,0.4,0.165,0.729,0.2675,0.155,0.25,0
1,0.56,0.445,0.18,0.903,0.3575,0.2045,0.295,0
0,0.465,0.36,0.13,0.5265,0.2105,0.1185,0.165,1
0,0.46,0.375,0.14,0.5105,0.192,0.1045,0.205,0
1,0.38,0.325,0.11,0.3105,0.12,0.074,0.105,1
1,0.47,0.365,0.12,0.543,0.2295,0.1495,0.15,0
0,0.55,0.46,0.175,0.869,0.3155,0.1825,0.32,1
0,0.51,0.405,0.13,0.7175,0.3725,0.158,0.17,0
0,0.525,0.405,0.135,0.7575,0.3305,0.216,0.195,1
0,0.44,0.375,0.13,0.487,0.226,0.0965,0.155,0
1,0.495,0.385,0.13,0.6905,0.3125,0.179,0.175,1
2,0.405,0.315,0.105,0.347,0.1605,0.0785,0.1,0
2,0.42,0.33,0.1,0.352,0.1635,0.089,0.1,0
1,0.5,0.395,0.15,0.7145,0.3235,0.173,0.195,0
1,0.58,0.475,0.155,0.974,0.4305,0.23,0.285,1
0,0.475,0.375,0.12,0.563,0.2525,0.1205,0.185,1
1,0.38,0.3,0.09,0.3215,0.1545,0.075,0.095,0
1,0.52,0.415,0.145,0.8045,0.3325,0.1725,0.285,1
1,0.48,0.405,0.13,0.6375,0.277,0.1445,0.21,1
1,0.52,0.425,0.15,0.813,0.385,0.2015,0.23,1
0,0.46,0.375,0.13,0.5735,0.2505,0.119,0.195,0
2,0.4,0.31,0.1,0.2875,0.1145,0.0635,0.095,1
1,0.415,0.305,0.105,0.3605,0.12,0.082,0.1,1
2,0.42,0.345,0.115,0.3435,0.1515,0.0795,0.115,0
1,0.515,0.42,0.135,0.6295,0.2815,0.127,0.215,0
1,0.45,0.36,0.105,0.4715,0.2035,0.0935,0.149,0
0,0.34,0.275,0.09,0.2065,0.0725,0.043,0.07,1
1,0.36,0.265,0.09,0.2165,0.096,0.037,0.0735,1
2,0.515,0.375,0.14,0.6505,0.2495,0.141,0.2215,1
0,0.37,0.29,0.09,0.241,0.11,0.045,0.069,1
0,0.33,0.25,0.09,0.197,0.085,0.041,0.0605,1
0,0.29,0.225,0.08,0.1295,0.0535,0.026,0.045,1
1,0.58,0.46,0.185,1.017,0.3515,0.2,0.32,1
1,0.505,0.375,0.115,0.5895,0.2635,0.12,0.167,1
2,0.5,0.395,0.12,0.537,0.2165,0.1085,0.1785,0
2,0.42,0.305,0.11,0.28,0.094,0.0785,0.0955,0
0,0.4,0.315,0.105,0.287,0.1135,0.037,0.113,1
1,0.465,0.36,0.12,0.4765,0.192,0.1125,0.16,1
1,0.41,0.315,0.11,0.321,0.1255,0.0655,0.095,1
1,0.53,0.385,0.125,0.6695,0.289,0.151,0.18,1
0,0.34,0.255,0.095,0.213,0.081,0.034,0.07,0
2,0.335,0.24,0.095,0.17,0.062,0.039,0.055,0
1,0.345,0.255,0.1,0.197,0.071,0.051,0.06,0
0,0.54,0.415,0.17,0.879,0.339,0.208,0.255,1
0,0.475,0.355,0.125,0.4625,0.186,0.107,0.145,0
0,0.5,0.355,0.14,0.528,0.2125,0.149,0.14,0
1,0.37,0.285,0.105,0.27,0.1125,0.0585,0.0835,0
1,0.42,0.33,0.125,0.463,0.186,0.11,0.145,1
0,0.35,0.26,0.09,0.198,0.0725,0.056,0.06,1
0,0.395,0.305,0.105,0.282,0.0975,0.065,0.096,0
0,0.425,0.325,0.12,0.3755,0.142,0.1065,0.105,0
1,0.515,0.395,0.165,0.7565,0.1905,0.17,0.3205,1
0,0.4,0.305,0.13,0.2935,0.096,0.0675,0.105,0
1,0.33,0.26,0.08,0.2,0.0625,0.05,0.07,0
2,0.475,0.365,0.12,0.53,0.2505,0.0975,0.1625,1
0,0.525,0.425,0.19,0.872,0.4625,0.1725,0.199,0
0,0.54,0.42,0.12,0.8115,0.392,0.1455,0.2235,0
1,0.565,0.44,0.15,0.983,0.4475,0.2355,0.2485,0
0,0.59,0.455,0.16,1.09,0.5,0.2215,0.292,0
0,0.59,0.48,0.16,1.262,0.5685,0.2725,0.335,0
0,0.595,0.49,0.185,1.185,0.482,0.2015,0.361,1
1,0.6,0.475,0.135,1.4405,0.5885,0.191,0.3175,0
1,0.6,0.485,0.165,1.1405,0.587,0.2175,0.288,0
0,0.605,0.475,0.175,1.201,0.5395,0.275,0.309,1
1,0.625,0.49,0.155,1.33,0.6675,0.259,0.33,1
0,0.63,0.5,0.185,1.362,0.5785,0.3125,0.384,1
1,0.69,0.55,0.18,1.659,0.8715,0.2655,0.4395,0
1,0.7,0.525,0.19,1.6015,0.707,0.365,0.43,1
1,0.73,0.57,0.165,2.0165,1.0685,0.418,0.435,1
0,0.465,0.34,0.105,0.486,0.231,0.1035,0.1225,0
0,0.515,0.395,0.12,0.646,0.285,0.1365,0.172,0
0,0.54,0.435,0.14,0.7345,0.33,0.1595,0.213,0
1,0.57,0.445,0.15,0.995,0.504,0.185,0.2505,0
1,0.595,0.47,0.155,1.1775,0.542,0.269,0.31,0
1,0.595,0.465,0.15,1.0765,0.491,0.22,0.287,0
0,0.6,0.46,0.15,1.247,0.5335,0.2735,0.29,0
1,0.615,0.485,0.16,1.1575,0.5005,0.2495,0.315,1
1,0.615,0.5,0.165,1.327,0.6,0.3015,0.355,1
1,0.62,0.51,0.175,1.2705,0.5415,0.323,0.3225,0
1,0.62,0.485,0.175,1.2155,0.545,0.253,0.345,1
1,0.62,0.475,0.16,1.3245,0.6865,0.233,0.3275,0
0,0.625,0.48,0.17,1.3555,0.671,0.268,0.3385,1
1,0.625,0.49,0.165,1.127,0.477,0.2365,0.3185,0
1,0.63,0.495,0.145,1.147,0.5455,0.266,0.2885,0
0,0.645,0.49,0.16,1.251,0.5355,0.3345,0.3165,0
1,0.65,0.5,0.185,1.4415,0.741,0.2955,0.341,0
0,0.67,0.52,0.19,1.6385,0.8115,0.369,0.391,0
1,0.695,0.55,0.155,1.8495,0.767,0.442,0.4175,1
1,0.705,0.56,0.205,2.381,0.9915,0.5005,0.624,1
0,0.77,0.6,0.215,2.1945,1.0515,0.482,0.584,1
0,0.5,0.38,0.12,0.5765,0.273,0.135,0.145,0
2,0.515,0.4,0.125,0.5925,0.265,0.1175,0.168,0
2,0.52,0.395,0.135,0.633,0.2985,0.1295,0.175,0
1,0.545,0.43,0.14,0.832,0.4355,0.17,0.201,0
1,0.545,0.4,0.14,0.778,0.368,0.215,0.18,0
0,0.565,0.43,0.13,0.784,0.3495,0.1885,0.213,0
1,0.57,0.45,0.18,0.908,0.4015,0.217,0.255,0
0,0.57,0.45,0.135,1.02,0.546,0.204,0.25,0
1,0.57,0.43,0.16,0.811,0.3875,0.159,0.2285,0
0,0.59,0.46,0.14,1.004,0.496,0.2165,0.26,0
0,0.595,0.47,0.165,1.108,0.4915,0.2325,0.3345,0
0,0.595,0.46,0.14,0.852,0.4215,0.2255,0.227,0
0,0.6,0.49,0.21,1.9875,1.005,0.419,0.491,1
1,0.605,0.48,0.15,1.079,0.4505,0.2835,0.293,1
1,0.615,0.475,0.17,1.055,0.543,0.246,0.2345,0
1,0.615,0.47,0.155,1.084,0.5885,0.209,0.246,0
0,0.615,0.475,0.175,1.103,0.4635,0.3095,0.2725,1
0,0.62,0.49,0.155,1.1,0.505,0.2475,0.31,0
0,0.62,0.48,0.15,1.1015,0.4965,0.243,0.305,1
1,0.625,0.49,0.155,1.115,0.484,0.277,0.3095,0
0,0.625,0.48,0.145,1.085,0.4645,0.2445,0.327,1
0,0.63,0.51,0.175,1.3415,0.6575,0.262,0.375,1
0,0.645,0.515,0.16,1.1845,0.506,0.311,0.335,0
0,0.645,0.48,0.15,1.192,0.6055,0.2595,0.285,0
1,0.645,0.52,0.18,1.285,0.5775,0.352,0.317,0
0,0.65,0.515,0.125,1.1805,0.5235,0.283,0.3275,0
0,0.65,0.52,0.175,1.2655,0.615,0.2775,0.336,0
1,0.65,0.535,0.175,1.2895,0.6095,0.2765,0.344,1
0,0.65,0.51,0.155,1.407,0.7215,0.298,0.335,0
1,0.65,0.49,0.155,1.122,0.545,0.228,0.3055,0
0,0.66,0.515,0.165,1.4465,0.694,0.298,0.3755,1
1,0.665,0.505,0.165,1.349,0.5985,0.3175,0.36,0
0,0.7,0.525,0.175,1.7585,0.8745,0.3615,0.47,1
0,0.725,0.55,0.2,1.51,0.8735,0.4265,0.5085,0
2,0.445,0.36,0.11,0.4235,0.182,0.0765,0.14,0
2,0.49,0.365,0.125,0.5585,0.252,0.126,0.1615,1
2,0.505,0.385,0.125,0.596,0.245,0.097,0.21,0
2,0.505,0.38,0.135,0.5385,0.2645,0.095,0.165,0
1,0.515,0.395,0.135,0.516,0.2015,0.132,0.162,0
1,0.525,0.415,0.15,0.7055,0.329,0.147,0.199,1
2,0.525,0.375,0.12,0.6315,0.3045,0.114,0.19,0
0,0.535,0.43,0.155,0.7845,0.3285,0.169,0.245,1
2,0.55,0.43,0.145,0.712,0.3025,0.152,0.225,1
2,0.55,0.425,0.145,0.89,0.4325,0.171,0.236,1
2,0.55,0.42,0.155,0.912,0.495,0.1805,0.205,0
2,0.55,0.425,0.135,0.656,0.257,0.17,0.203,1
2,0.55,0.465,0.15,0.936,0.481,0.174,0.2435,0
2,0.56,0.44,0.14,0.825,0.402,0.139,0.245,1
1,0.57,0.445,0.155,1.017,0.5265,0.2025,0.265,1
1,0.575,0.435,0.155,0.8975,0.4115,0.2325,0.23,0
0,0.58,0.44,0.175,1.2255,0.5405,0.2705,0.3265,1
1,0.58,0.425,0.15,0.844,0.3645,0.185,0.2705,0
2,0.585,0.46,0.145,0.8465,0.339,0.167,0.295,1
0,0.585,0.465,0.165,0.885,0.4025,0.1625,0.274,1
2,0.585,0.42,0.145,0.6735,0.2895,0.1345,0.22,0
0,0.59,0.47,0.145,0.9235,0.4545,0.173,0.254,0
0,0.59,0.475,0.14,0.977,0.4625,0.2025,0.275,1
0,0.595,0.475,0.14,1.0305,0.4925,0.217,0.278,1
0,0.6,0.45,0.145,0.877,0.4325,0.155,0.24,0
0,0.6,0.51,0.185,1.285,0.6095,0.2745,0.315,0
0,0.61,0.48,0.185,1.3065,0.6895,0.2915,0.29,1
1,0.615,0.46,0.15,1.0265,0.4935,0.201,0.2745,1
1,0.62,0.465,0.14,1.1605,0.6005,0.2195,0.307,0
1,0.62,0.48,0.165,1.0125,0.5325,0.4365,0.324,1
0,0.625,0.5,0.14,1.096,0.5445,0.2165,0.295,1
0,0.625,0.49,0.165,1.205,0.5175,0.3105,0.3465,1
1,0.63,0.475,0.155,1.0005,0.452,0.252,0.265,1
0,0.63,0.525,0.195,1.3135,0.4935,0.2565,0.465,1
0,0.64,0.485,0.15,1.098,0.5195,0.222,0.3175,1
0,0.64,0.495,0.17,1.139,0.5395,0.282,0.285,1
0,0.64,0.515,0.08,1.042,0.515,0.1755,0.175,1
0,0.65,0.52,0.155,1.368,0.6185,0.288,0.365,0
1,0.66,0.505,0.19,1.4045,0.6255,0.3375,0.3745,0
1,0.675,0.525,0.17,1.711,0.8365,0.352,0.475,0
1,0.705,0.54,0.205,1.757,0.8265,0.417,0.461,0
0,0.72,0.55,0.205,2.165,1.1055,0.525,0.404,1
0,0.725,0.57,0.19,2.3305,1.253,0.541,0.52,0
0,0.5,0.365,0.13,0.5945,0.309,0.1085,0.1535,0
0,0.52,0.4,0.105,0.872,0.4515,0.1615,0.1985,0
1,0.525,0.43,0.135,0.8435,0.4325,0.18,0.1815,0
1,0.54,0.42,0.14,0.8035,0.38,0.1805,0.21,0
1,0.54,0.415,0.15,0.8115,0.3875,0.1875,0.2035,0
0,0.58,0.445,0.16,0.984,0.49,0.201,0.27,0
0,0.59,0.47,0.155,1.1735,0.6245,0.233,0.2595,0
1,0.59,0.455,0.15,0.976,0.465,0.2055,0.2765,1
0,0.59,0.485,0.155,1.0785,0.4535,0.2435,0.31,0
0,0.595,0.435,0.16,1.057,0.4255,0.224,0.31,0
0,0.6,0.475,0.175,1.11,0.5105,0.256,0.285,0
0,0.6,0.45,0.16,1.142,0.539,0.225,0.307,1
0,0.605,0.475,0.19,1.1255,0.59,0.247,0.26,1
1,0.62,0.48,0.17,1.1045,0.535,0.25,0.287,1
0,0.625,0.475,0.175,1.3405,0.656,0.283,0.337,1
1,0.625,0.485,0.16,1.254,0.591,0.259,0.3485,0
0,0.63,0.49,0.165,1.2005,0.575,0.273,0.294,1
0,0.63,0.485,0.16,1.243,0.623,0.275,0.3,1
1,0.645,0.49,0.16,1.1665,0.4935,0.3155,0.299,0
1,0.72,0.55,0.18,1.52,0.637,0.325,0.435,1
0,0.735,0.57,0.21,2.2355,1.1705,0.463,0.5315,1
2,0.46,0.36,0.14,0.447,0.161,0.087,0.16,0
2,0.5,0.39,0.13,0.5075,0.2115,0.104,0.1755,0
2,0.505,0.425,0.125,0.6115,0.245,0.1375,0.2,0
2,0.51,0.4,0.145,0.5775,0.231,0.143,0.177,0
0,0.53,0.405,0.15,0.8315,0.352,0.187,0.2525,1
2,0.54,0.415,0.11,0.619,0.2755,0.15,0.1765,1
2,0.545,0.43,0.15,0.742,0.3525,0.158,0.208,1
1,0.55,0.435,0.14,0.745,0.347,0.174,0.2265,0
2,0.56,0.435,0.13,0.777,0.354,0.173,0.222,0
2,0.575,0.455,0.16,0.9895,0.495,0.195,0.246,0
0,0.58,0.46,0.15,1.049,0.5205,0.1935,0.305,1
1,0.58,0.45,0.17,0.9705,0.4615,0.232,0.248,0
1,0.58,0.45,0.15,0.92,0.393,0.212,0.2895,0
2,0.585,0.45,0.135,0.855,0.3795,0.187,0.26,0
0,0.59,0.5,0.15,1.142,0.485,0.265,0.345,0
2,0.59,0.46,0.125,0.755,0.334,0.15,0.238,0
2,0.59,0.475,0.145,0.9745,0.4675,0.207,0.259,1
0,0.595,0.47,0.155,1.2015,0.492,0.3865,0.265,1
0,0.595,0.46,0.17,1.1295,0.57,0.2555,0.265,1
2,0.6,0.445,0.135,0.9205,0.445,0.2035,0.253,0
1,0.6,0.48,0.17,1.056,0.4575,0.2435,0.3135,1
0,0.6,0.45,0.195,1.34,0.617,0.3255,0.3605,1
1,0.6,0.45,0.15,0.9625,0.4375,0.2225,0.2775,0
0,0.605,0.49,0.18,1.167,0.457,0.29,0.3745,0
2,0.605,0.48,0.155,0.9995,0.425,0.1985,0.3,1
1,0.615,0.515,0.135,1.1215,0.545,0.2305,0.29,0
0,0.615,0.455,0.15,0.9335,0.382,0.247,0.2615,1
1,0.615,0.495,0.165,1.198,0.5415,0.2865,0.3185,1
1,0.62,0.475,0.15,0.9545,0.455,0.1865,0.277,0
0,0.62,0.475,0.195,1.3585,0.5935,0.3365,0.3745,1
0,0.625,0.515,0.165,1.217,0.667,0.2065,0.3115,1
1,0.625,0.49,0.145,0.92,0.437,0.1735,0.28,1
0,0.625,0.49,0.12,0.8765,0.456,0.18,0.233,1
1,0.63,0.48,0.165,1.2615,0.5505,0.277,0.3885,1
0,0.63,0.53,0.18,1.2795,0.618,0.256,0.315,0
1,0.63,0.485,0.185,1.167,0.548,0.2485,0.34,1
0,0.635,0.485,0.18,1.1795,0.4785,0.2775,0.355,1
1,0.66,0.525,0.18,1.5965,0.7765,0.397,0.3605,1
1,0.665,0.51,0.175,1.3805,0.675,0.2985,0.325,1
2,0.67,0.485,0.175,1.2565,0.5355,0.322,0.386,0
0,0.67,0.525,0.17,1.4005,0.715,0.3025,0.387,0
0,0.67,0.525,0.195,1.4405,0.6595,0.2675,0.425,0
0,0.67,0.54,0.175,1.482,0.739,0.2925,0.365,1
0,0.685,0.505,0.19,1.533,0.667,0.4055,0.41,1
1,0.51,0.37,0.21,1.183,0.508,0.292,0.343,0
1,0.535,0.4,0.15,1.224,0.618,0.275,0.2875,1
0,0.555,0.405,0.19,1.406,0.6115,0.342,0.389,1
0,0.555,0.425,0.15,0.873,0.4625,0.1845,0.1965,0
0,0.56,0.425,0.135,0.9415,0.509,0.2015,0.1975,0
1,0.59,0.44,0.14,1.007,0.4775,0.2105,0.2925,0
0,0.61,0.475,0.175,1.024,0.409,0.261,0.322,0
0,0.61,0.485,0.17,1.281,0.597,0.3035,0.33,0
1,0.62,0.5,0.17,1.148,0.5475,0.22,0.3315,1
1,0.625,0.49,0.11,1.136,0.5265,0.1915,0.2925,0
1,0.635,0.51,0.17,1.2235,0.532,0.271,0.354,0
0,0.64,0.485,0.16,1.006,0.456,0.2245,0.2835,0
0,0.645,0.505,0.185,1.463,0.592,0.3905,0.416,1
1,0.655,0.505,0.175,1.2905,0.6205,0.2965,0.326,1
2,0.44,0.32,0.105,0.3875,0.1755,0.074,0.12,0
2,0.455,0.355,0.105,0.372,0.138,0.0765,0.135,0
2,0.475,0.375,0.11,0.456,0.182,0.099,0.16,0
2,0.535,0.42,0.145,0.6885,0.273,0.1515,0.237,0
0,0.54,0.42,0.19,0.6855,0.293,0.163,0.38,1
2,0.55,0.405,0.15,0.6755,0.3015,0.1465,0.21,1
0,0.56,0.45,0.145,0.894,0.3885,0.2095,0.264,0
2,0.565,0.44,0.135,0.768,0.3305,0.1385,0.2475,0
0,0.57,0.45,0.145,0.95,0.4005,0.2235,0.2845,1
1,0.57,0.47,0.14,0.871,0.385,0.211,0.2315,1
0,0.575,0.47,0.15,0.9785,0.4505,0.196,0.276,0
0,0.575,0.445,0.14,0.737,0.325,0.1405,0.237,1
2,0.575,0.445,0.16,0.9175,0.45,0.1935,0.24,0
1,0.58,0.435,0.155,0.8785,0.425,0.1685,0.2425,1
0,0.59,0.435,0.165,0.9765,0.4525,0.2395,0.235,0
0,0.59,0.405,0.15,0.853,0.326,0.2615,0.245,0
0,0.595,0.48,0.14,0.9125,0.4095,0.1825,0.289,0
1,0.595,0.46,0.16,0.921,0.4005,0.2025,0.2875,0
0,0.63,0.495,0.18,1.31,0.495,0.295,0.4695,1
1,0.635,0.49,0.155,1.145,0.4775,0.3035,0.3155,0
0,0.635,0.5,0.18,1.154,0.4405,0.2315,0.387,0
1,0.64,0.5,0.15,1.2015,0.559,0.231,0.3355,0
1,0.655,0.49,0.16,1.204,0.5455,0.2615,0.3225,0
1,0.66,0.53,0.18,1.5175,0.7765,0.302,0.401,1
0,0.665,0.525,0.155,1.3575,0.5325,0.3045,0.4485,1
0,0.685,0.51,0.165,1.545,0.686,0.3775,0.4055,1
0,0.46,0.355,0.14,0.491,0.207,0.115,0.174,1
0,0.495,0.38,0.12,0.474,0.197,0.1065,0.1545,1
0,0.525,0.4,0.13,0.622,0.2655,0.147,0.184,0
0,0.53,0.415,0.12,0.706,0.3355,0.1635,0.1345,0
1,0.53,0.395,0.115,0.5685,0.249,0.1375,0.161,0
0,0.575,0.48,0.15,0.9465,0.4355,0.2605,0.2505,0
0,0.58,0.43,0.125,0.9115,0.446,0.2075,0.121,1
0,0.66,0.525,0.2,1.489,0.6065,0.3795,0.421,1
0,0.465,0.405,0.135,0.7775,0.436,0.1715,0.1455,1
1,0.525,0.4,0.135,0.714,0.318,0.138,0.208,1
1,0.525,0.4,0.13,0.6995,0.3115,0.131,0.223,0
0,0.575,0.45,0.135,0.9215,0.354,0.209,0.2365,0
1,0.575,0.45,0.135,0.8285,0.362,0.1655,0.236,1
0,0.585,0.46,0.15,1.206,0.581,0.216,0.323,1
1,0.62,0.485,0.155,1.1945,0.5105,0.271,0.352,0
1,0.63,0.495,0.19,1.1655,0.536,0.2115,0.1625,1
1,0.63,0.49,0.17,1.2155,0.4625,0.2045,0.3105,1
1,0.685,0.53,0.17,1.5105,0.7385,0.3525,0.3725,1
1,0.485,0.39,0.1,0.5565,0.2215,0.1155,0.185,0
0,0.46,0.35,0.125,0.5165,0.1885,0.1145,0.185,0
0,0.465,0.36,0.105,0.488,0.188,0.0845,0.19,1
0,0.51,0.4,0.14,0.6905,0.259,0.151,0.23,1
1,0.625,0.48,0.2,1.3235,0.6075,0.3055,0.355,0
1,0.655,0.505,0.165,1.367,0.5835,0.3515,0.396,1
0,0.425,0.335,0.1,0.4085,0.1755,0.092,0.135,0
0,0.505,0.395,0.125,0.635,0.29,0.1555,0.175,0
0,0.535,0.44,0.165,0.875,0.279,0.18,0.3,1
1,0.43,0.35,0.09,0.397,0.1575,0.089,0.12,0
0,0.55,0.435,0.11,0.806,0.3415,0.203,0.215,0
1,0.55,0.44,0.125,0.765,0.33,0.2125,0.245,0
1,0.545,0.41,0.115,0.6765,0.29,0.158,0.22,0
0,0.56,0.45,0.155,0.9125,0.3595,0.271,0.35,1
0,0.45,0.355,0.12,0.3955,0.147,0.0765,0.145,0
0,0.645,0.505,0.165,1.307,0.4335,0.262,0.52,1
1,0.49,0.38,0.155,0.578,0.2395,0.1255,0.18,0
1,0.505,0.405,0.16,0.6835,0.271,0.145,0.215,1
0,0.335,0.265,0.095,0.1975,0.0795,0.0375,0.07,0
2,0.32,0.25,0.08,0.1565,0.057,0.034,0.06,0
1,0.6,0.48,0.165,1.1345,0.4535,0.27,0.335,1
0,0.425,0.34,0.12,0.388,0.149,0.087,0.125,1
0,0.385,0.305,0.09,0.2775,0.109,0.0515,0.1,0
2,0.44,0.35,0.12,0.375,0.1425,0.0965,0.115,0
1,0.42,0.32,0.13,0.4135,0.1645,0.106,0.119,1
2,0.42,0.325,0.125,0.3915,0.1575,0.1025,0.115,0
1,0.435,0.35,0.125,0.459,0.197,0.1145,0.145,0
0,0.505,0.385,0.11,0.655,0.3185,0.15,0.185,0
1,0.4,0.335,0.115,0.4335,0.2105,0.1205,0.12,1
0,0.53,0.405,0.13,0.738,0.2845,0.17,0.193,0
2,0.41,0.3,0.115,0.2595,0.097,0.0515,0.08,1
1,0.45,0.325,0.135,0.438,0.1805,0.1165,0.11,0
2,0.485,0.355,0.12,0.5085,0.21,0.122,0.135,0
0,0.35,0.26,0.09,0.195,0.0745,0.041,0.0655,0
0,0.345,0.265,0.09,0.163,0.0615,0.037,0.0485,1
1,0.545,0.435,0.15,0.6855,0.2905,0.145,0.225,1
1,0.385,0.305,0.125,0.314,0.146,0.0555,0.08,1
2,0.47,0.375,0.105,0.468,0.1665,0.108,0.17,1
1,0.455,0.36,0.11,0.4385,0.206,0.098,0.125,1
2,0.435,0.34,0.11,0.407,0.1685,0.073,0.13,1
0,0.41,0.315,0.095,0.306,0.121,0.0735,0.09,0
0,0.41,0.3,0.1,0.301,0.124,0.069,0.09,0
2,0.54,0.405,0.15,0.7585,0.307,0.2075,0.19,1
0,0.33,0.235,0.09,0.163,0.0615,0.034,0.055,1
1,0.475,0.375,0.125,0.588,0.237,0.1715,0.155,1
1,0.46,0.33,0.15,0.5325,0.2085,0.1805,0.125,1
0,0.56,0.44,0.16,1.1115,0.5035,0.2785,0.26,1
0,0.575,0.435,0.13,1.0105,0.368,0.222,0.32,1
0,0.365,0.285,0.085,0.2205,0.0855,0.0515,0.07,0
0,0.53,0.43,0.135,0.879,0.28,0.2165,0.25,1
2,0.35,0.265,0.11,0.209,0.066,0.059,0.075,0
0,0.49,0.395,0.12,0.674,0.3325,0.1235,0.185,0
1,0.56,0.465,0.16,1.0315,0.432,0.2025,0.337,0
0,0.58,0.46,0.15,1.0165,0.491,0.221,0.265,0
1,0.595,0.475,0.165,1.148,0.444,0.214,0.37,1
0,0.61,0.47,0.155,1.0325,0.497,0.2175,0.2785,0
0,0.64,0.51,0.17,1.3715,0.567,0.307,0.409,1
1,0.65,0.545,0.185,1.5055,0.6565,0.341,0.43,1
1,0.49,0.4,0.115,0.569,0.256,0.1325,0.145,0
0,0.6,0.475,0.155,1.1385,0.502,0.2295,0.31,0
1,0.61,0.495,0.175,1.2635,0.53,0.315,0.3455,1
0,0.62,0.485,0.165,1.1325,0.5235,0.2505,0.2825,0
1,0.625,0.47,0.17,1.255,0.525,0.2415,0.405,1
0,0.635,0.495,0.155,1.3635,0.583,0.2985,0.295,1
1,0.64,0.48,0.195,1.1435,0.4915,0.2345,0.353,0
0,0.64,0.5,0.17,1.4545,0.642,0.3575,0.354,0
0,0.66,0.525,0.18,1.478,0.5815,0.381,0.372,1
1,0.715,0.585,0.23,2.0725,0.8655,0.4095,0.565,1
1,0.725,0.58,0.185,1.523,0.8045,0.3595,0.4375,0
0,0.535,0.42,0.16,0.7465,0.348,0.1515,0.2185,1
1,0.555,0.43,0.135,0.812,0.4055,0.163,0.2215,0
1,0.585,0.45,0.145,0.9835,0.4845,0.242,0.22,0
0,0.59,0.46,0.145,0.929,0.38,0.24,0.255,1
1,0.595,0.47,0.165,1.0155,0.491,0.1905,0.289,0
0,0.61,0.47,0.175,1.214,0.5315,0.2835,0.325,1
1,0.62,0.51,0.18,1.233,0.592,0.274,0.322,1
0,0.625,0.495,0.18,1.0815,0.4715,0.254,0.3135,1
0,0.625,0.47,0.175,1.179,0.605,0.258,0.271,0
1,0.64,0.475,0.175,1.1545,0.4865,0.341,0.288,0
1,0.645,0.52,0.175,1.3345,0.667,0.2665,0.355,1
0,0.65,0.505,0.18,1.469,0.7115,0.3335,0.38,0
1,0.66,0.5,0.175,1.3275,0.556,0.2805,0.4085,0
0,0.67,0.525,0.18,1.6615,0.8005,0.3645,0.43,1
0,0.715,0.545,0.18,1.7405,0.871,0.347,0.449,1
2,0.4,0.265,0.1,0.2775,0.1245,0.0605,0.08,0
2,0.475,0.355,0.125,0.4865,0.2155,0.1105,0.142,0
2,0.48,0.355,0.125,0.494,0.2385,0.0835,0.15,0
2,0.5,0.365,0.125,0.528,0.229,0.103,0.1645,0
2,0.515,0.4,0.135,0.636,0.3055,0.1215,0.1855,0
2,0.53,0.405,0.13,0.6615,0.2945,0.1395,0.19,0
2,0.535,0.41,0.13,0.6075,0.268,0.1225,0.1975,0
2,0.55,0.425,0.155,0.8725,0.412,0.187,0.2425,1
1,0.565,0.45,0.175,1.2365,0.5305,0.2455,0.308,1
0,0.57,0.47,0.155,1.186,0.6355,0.2315,0.277,1
2,0.57,0.42,0.13,0.7745,0.3535,0.1505,0.2365,0
2,0.575,0.44,0.125,0.8515,0.4555,0.1715,0.1965,0
1,0.575,0.475,0.16,0.895,0.3605,0.221,0.271,0
0,0.575,0.45,0.155,0.886,0.3605,0.211,0.2575,0
2,0.58,0.46,0.14,0.9265,0.4135,0.1845,0.27,1
2,0.58,0.46,0.14,0.8295,0.3915,0.165,0.238,1
0,0.58,0.47,0.165,1.041,0.54,0.166,0.279,0
1,0.585,0.465,0.165,0.9355,0.4035,0.2275,0.259,0
1,0.585,0.46,0.165,1.058,0.486,0.25,0.294,0
1,0.595,0.465,0.145,0.7955,0.3425,0.1795,0.2425,1
1,0.6,0.47,0.17,1.0805,0.4995,0.2245,0.3205,0
1,0.6,0.475,0.17,1.088,0.4905,0.2475,0.31,1
1,0.6,0.485,0.145,0.776,0.3545,0.1585,0.239,0
1,0.62,0.48,0.165,1.043,0.4835,0.221,0.31,1
0,0.625,0.48,0.16,1.1415,0.5795,0.2145,0.29,0
1,0.625,0.475,0.16,1.3335,0.605,0.2875,0.319,1
1,0.625,0.5,0.175,1.273,0.564,0.302,0.374,0
0,0.625,0.485,0.16,1.2135,0.631,0.2235,0.302,0
0,0.635,0.495,0.17,1.3695,0.657,0.3055,0.365,1
1,0.65,0.475,0.165,1.3875,0.58,0.3485,0.3095,0
0,0.675,0.515,0.145,1.265,0.6025,0.299,0.325,1
1,0.555,0.405,0.12,0.913,0.4585,0.196,0.2065,0
0,0.58,0.45,0.16,0.8675,0.3935,0.221,0.215,0
1,0.59,0.465,0.17,1.0425,0.4635,0.24,0.27,1
0,0.6,0.46,0.18,1.14,0.423,0.2575,0.365,1
0,0.615,0.475,0.19,1.4335,0.7315,0.305,0.3285,0
0,0.62,0.46,0.16,0.9505,0.4915,0.2,0.228,0
1,0.64,0.5,0.17,1.2645,0.565,0.3375,0.315,0
0,0.655,0.505,0.165,1.27,0.6035,0.262,0.335,1
0,0.66,0.53,0.175,1.583,0.7395,0.3505,0.405,1
1,0.665,0.5,0.175,1.4355,0.643,0.345,0.37,0
1,0.67,0.525,0.195,1.42,0.573,0.368,0.3905,1
0,0.69,0.53,0.19,1.5955,0.678,0.331,0.48,1
0,0.715,0.525,0.2,1.89,0.95,0.436,0.4305,1
2,0.465,0.37,0.115,0.4075,0.1515,0.0935,0.1455,0
2,0.475,0.335,0.1,0.4425,0.1895,0.086,0.135,0
2,0.475,0.35,0.125,0.4225,0.1905,0.079,0.1355,0
2,0.49,0.39,0.12,0.511,0.2205,0.103,0.1745,0
2,0.515,0.405,0.13,0.573,0.213,0.134,0.195,0
2,0.525,0.405,0.125,0.657,0.2985,0.1505,0.168,1
1,0.525,0.425,0.14,0.8735,0.4205,0.182,0.2225,1
2,0.53,0.425,0.13,0.781,0.3905,0.2005,0.215,0
2,0.53,0.42,0.14,0.6765,0.256,0.1855,0.208,0
0,0.53,0.41,0.125,0.769,0.346,0.173,0.215,0
2,0.535,0.45,0.155,0.8075,0.3655,0.148,0.2595,1
0,0.545,0.41,0.14,0.737,0.349,0.15,0.212,0
1,0.545,0.41,0.125,0.654,0.2945,0.1315,0.205,1
2,0.55,0.415,0.15,0.7915,0.3535,0.176,0.236,1
2,0.55,0.4,0.135,0.717,0.3315,0.1495,0.221,0
2,0.555,0.43,0.15,0.783,0.345,0.1755,0.247,0
2,0.575,0.45,0.145,0.872,0.4675,0.18,0.217,0
1,0.585,0.465,0.145,0.9855,0.4325,0.2145,0.2845,1
2,0.585,0.46,0.14,0.7635,0.326,0.153,0.265,0
2,0.595,0.47,0.135,0.9365,0.434,0.184,0.287,1
1,0.595,0.44,0.135,0.964,0.5005,0.1715,0.2575,1
1,0.595,0.46,0.155,1.0455,0.4565,0.24,0.3085,1
0,0.6,0.47,0.16,1.012,0.441,0.2015,0.305,1
1,0.6,0.5,0.16,1.122,0.5095,0.256,0.309,1
1,0.605,0.49,0.15,1.1345,0.4305,0.2525,0.35,1
0,0.61,0.45,0.19,1.0805,0.517,0.2495,0.2935,1
1,0.61,0.495,0.165,1.0835,0.4525,0.273,0.317,0
0,0.62,0.525,0.155,1.085,0.454,0.1965,0.35,1
0,0.62,0.48,0.165,1.0855,0.481,0.2575,0.305,1
1,0.63,0.505,0.195,1.306,0.516,0.3305,0.375,0
0,0.65,0.495,0.16,1.2075,0.55,0.2695,0.32,1
1,0.65,0.52,0.195,1.281,0.5985,0.246,0.3825,1
1,0.65,0.51,0.175,1.35,0.575,0.3155,0.3885,1
1,0.66,0.53,0.17,1.431,0.622,0.309,0.398,1
0,0.66,0.51,0.18,1.261,0.5,0.2335,0.339,1
1,0.67,0.54,0.2,1.46,0.6435,0.328,0.4165,0
1,0.675,0.53,0.195,1.4985,0.62,0.375,0.425,0
0,0.685,0.55,0.19,1.885,0.89,0.41,0.4895,1
1,0.705,0.53,0.17,1.564,0.612,0.394,0.44,1
0,0.43,0.31,0.13,0.6485,0.2735,0.163,0.184,0
2,0.465,0.36,0.105,0.452,0.22,0.159,0.1035,0
2,0.47,0.355,0.12,0.4915,0.1765,0.1125,0.1325,0
0,0.495,0.375,0.155,0.976,0.45,0.2285,0.2475,0
2,0.51,0.375,0.15,0.8415,0.3845,0.156,0.255,1
0,0.51,0.38,0.135,0.681,0.3435,0.142,0.17,0
0,0.515,0.37,0.115,0.6145,0.3415,0.155,0.146,0
1,0.55,0.415,0.18,1.1655,0.502,0.301,0.311,0
1,0.575,0.42,0.19,1.764,0.914,0.377,0.4095,1
0,0.605,0.455,0.16,1.1215,0.533,0.273,0.271,1
0,0.615,0.505,0.165,1.167,0.4895,0.2955,0.345,1
0,0.615,0.475,0.15,1.0375,0.476,0.2325,0.283,0
0,0.625,0.48,0.18,1.223,0.565,0.2975,0.3375,1
0,0.625,0.47,0.15,1.124,0.556,0.2315,0.287,0
1,0.635,0.505,0.17,1.2635,0.512,0.322,0.355,0
1,0.65,0.525,0.165,1.238,0.647,0.2485,0.3005,0
2,0.515,0.39,0.12,0.565,0.235,0.135,0.179,0
2,0.52,0.41,0.14,0.699,0.3395,0.129,0.1945,1
2,0.525,0.4,0.14,0.6055,0.2605,0.108,0.21,0
0,0.53,0.425,0.155,0.7905,0.307,0.171,0.2595,0
0,0.53,0.425,0.13,0.702,0.2975,0.1395,0.22,0
0,0.53,0.42,0.135,0.675,0.294,0.156,0.1825,1
2,0.535,0.4,0.145,0.705,0.3065,0.1365,0.22,1
2,0.535,0.45,0.135,0.728,0.2845,0.1845,0.265,0
1,0.555,0.44,0.14,0.846,0.346,0.1715,0.2735,1
0,0.555,0.46,0.16,0.86,0.3345,0.1935,0.275,1
0,0.56,0.465,0.145,0.8875,0.3345,0.22,0.2695,0
1,0.56,0.43,0.145,0.898,0.3895,0.2325,0.245,0
2,0.565,0.43,0.125,0.6545,0.2815,0.139,0.21,0
2,0.575,0.45,0.145,0.795,0.364,0.1505,0.26,1
0,0.575,0.465,0.12,1.0535,0.516,0.2185,0.235,0
1,0.575,0.46,0.15,0.927,0.333,0.207,0.2985,0
2,0.58,0.42,0.14,0.701,0.3285,0.102,0.2255,0
0,0.585,0.47,0.145,0.9565,0.4025,0.2365,0.265,0
2,0.59,0.45,0.125,0.86,0.437,0.1515,0.245,0
0,0.595,0.48,0.185,1.1785,0.526,0.2975,0.314,1
0,0.615,0.48,0.185,1.2205,0.4985,0.315,0.33,1
0,0.615,0.455,0.13,0.9685,0.49,0.182,0.2655,1
0,0.625,0.495,0.155,1.177,0.5055,0.278,0.345,0
0,0.625,0.5,0.185,1.2425,0.5995,0.248,0.335,1
1,0.645,0.51,0.155,1.129,0.5015,0.24,0.342,1
1,0.65,0.505,0.175,1.2075,0.5105,0.262,0.39,1
0,0.67,0.52,0.175,1.4755,0.6275,0.379,0.374,1
1,0.695,0.535,0.175,1.361,0.5465,0.2815,0.465,1
0,0.425,0.305,0.11,0.359,0.173,0.0875,0.0975,0
0,0.515,0.385,0.13,0.623,0.2855,0.1285,0.175,1
0,0.555,0.445,0.13,0.8625,0.4225,0.155,0.24,0
0,0.565,0.445,0.14,0.836,0.406,0.1605,0.2245,0
0,0.57,0.44,0.145,0.8815,0.3605,0.1955,0.2735,1
0,0.595,0.46,0.155,1.03,0.4275,0.207,0.3305,1
1,0.605,0.48,0.175,1.1685,0.4815,0.2305,0.356,0
1,0.615,0.455,0.135,1.059,0.4735,0.263,0.274,0
1,0.68,0.52,0.185,1.541,0.5985,0.395,0.4575,1
1,0.545,0.42,0.175,0.754,0.256,0.1775,0.275,1
0,0.41,0.325,0.1,0.3555,0.146,0.072,0.105,0
1,0.53,0.41,0.145,0.8255,0.375,0.204,0.245,0
1,0.615,0.475,0.145,0.9525,0.3915,0.195,0.32,0
0,0.445,0.37,0.125,0.515,0.2495,0.087,0.159,0
0,0.56,0.44,0.13,0.8255,0.2425,0.202,0.285,1
1,0.57,0.465,0.155,0.9685,0.446,0.261,0.255,0
2,0.335,0.255,0.085,0.1785,0.071,0.0405,0.055,0
1,0.57,0.44,0.19,1.018,0.447,0.207,0.265,0
0,0.475,0.37,0.125,0.655,0.266,0.1725,0.185,1
1,0.525,0.43,0.165,0.717,0.289,0.1745,0.195,1
1,0.49,0.385,0.16,0.656,0.2455,0.171,0.205,0
1,0.515,0.4,0.115,0.578,0.191,0.1445,0.17,0
0,0.295,0.225,0.09,0.1385,0.048,0.046,0.05,0
0,0.45,0.355,0.115,0.478,0.18,0.1185,0.155,1
1,0.565,0.455,0.13,1.058,0.439,0.2645,0.3,1
0,0.54,0.425,0.12,0.817,0.2945,0.153,0.195,1
2,0.29,0.225,0.075,0.152,0.071,0.059,0.045,0
1,0.56,0.44,0.155,0.9705,0.4315,0.263,0.255,0
2,0.435,0.355,0.125,0.4075,0.1535,0.074,0.165,0
1,0.565,0.46,0.15,0.8765,0.3455,0.1925,0.275,1
2,0.455,0.365,0.135,0.441,0.1515,0.1165,0.145,0
1,0.455,0.375,0.125,0.458,0.1985,0.111,0.12,1
2,0.355,0.27,0.1,0.216,0.083,0.037,0.075,1
1,0.52,0.41,0.16,0.712,0.2845,0.153,0.225,1
0,0.375,0.28,0.095,0.2225,0.0875,0.043,0.08,1
2,0.525,0.4,0.14,0.6955,0.2405,0.16,0.253,1
2,0.725,0.55,0.22,2.0495,0.7735,0.4405,0.655,1
1,0.35,0.275,0.065,0.205,0.0745,0.0465,0.07,1
2,0.49,0.385,0.12,0.591,0.271,0.1125,0.1775,0
1,0.555,0.44,0.155,1.016,0.4935,0.1855,0.263,1
1,0.61,0.5,0.18,1.438,0.5185,0.3735,0.3345,0
0,0.695,0.55,0.205,2.173,1.133,0.4665,0.496,1
1,0.72,0.575,0.195,2.1505,1.0745,0.382,0.585,1
0,0.6,0.465,0.155,1.262,0.6245,0.2455,0.33,1
1,0.645,0.525,0.17,1.37,0.6135,0.283,0.34,1
0,0.67,0.51,0.2,1.5945,0.6705,0.3845,0.4505,1
0,0.685,0.51,0.18,1.4545,0.6315,0.3105,0.3725,0
0,0.7,0.6,0.23,2.003,0.8105,0.4045,0.5755,1
0,0.52,0.395,0.125,0.5815,0.2565,0.1265,0.17,1
1,0.555,0.43,0.14,0.7545,0.3525,0.1835,0.2015,0
0,0.585,0.465,0.15,0.98,0.4315,0.2545,0.247,0
0,0.61,0.475,0.15,1.142,0.62,0.237,0.245,0
0,0.615,0.53,0.17,1.12,0.5775,0.2095,0.286,0
0,0.625,0.48,0.175,1.065,0.4865,0.259,0.285,1
0,0.635,0.48,0.145,1.181,0.665,0.229,0.225,1
1,0.64,0.525,0.175,1.382,0.646,0.3115,0.37,0
0,0.66,0.515,0.155,1.4415,0.7055,0.3555,0.335,1
1,0.69,0.58,0.195,1.658,0.708,0.3615,0.4715,1
2,0.495,0.385,0.125,0.5125,0.2075,0.1155,0.172,1
2,0.54,0.415,0.155,0.702,0.322,0.167,0.19,1
2,0.575,0.45,0.15,0.858,0.449,0.166,0.215,1
1,0.575,0.46,0.165,0.9575,0.4815,0.1945,0.236,1
1,0.58,0.425,0.155,0.873,0.3615,0.249,0.239,1
0,0.59,0.45,0.16,0.998,0.445,0.214,0.301,0
0,0.625,0.495,0.155,1.025,0.46,0.1945,0.34,0
0,0.625,0.495,0.175,1.2935,0.5805,0.317,0.355,0
0,0.625,0.5,0.175,1.0565,0.4615,0.258,0.305,1
1,0.625,0.485,0.165,1.2255,0.5075,0.296,0.36,1
1,0.635,0.5,0.18,1.2565,0.539,0.292,0.35,1
1,0.645,0.5,0.15,1.159,0.4675,0.3355,0.31,0
1,0.695,0.56,0.185,1.7715,0.8195,0.331,0.437,1
0,0.62,0.465,0.145,0.911,0.375,0.2145,0.278,1
0,0.63,0.49,0.15,1.1955,0.5845,0.257,0.3,0
1,0.64,0.49,0.18,1.36,0.653,0.347,0.305,0
2,0.515,0.395,0.125,0.5805,0.2365,0.1075,0.19,0
2,0.55,0.435,0.125,0.741,0.348,0.1585,0.206,0
0,0.55,0.43,0.18,0.8265,0.4405,0.159,0.225,1
2,0.565,0.465,0.15,1.1815,0.581,0.2215,0.3095,0
0,0.57,0.445,0.16,1.0145,0.516,0.164,0.3,1
1,0.575,0.48,0.17,1.1,0.506,0.2485,0.31,1
2,0.595,0.475,0.155,0.984,0.4865,0.184,0.2755,1
0,0.6,0.47,0.13,1.0105,0.423,0.219,0.298,0
0,0.61,0.365,0.155,1.0765,0.488,0.249,0.27,0
0,0.635,0.5,0.18,1.2915,0.594,0.2695,0.37,0
1,0.65,0.495,0.16,1.3105,0.577,0.3315,0.355,0
0,0.67,0.525,0.18,1.4915,0.728,0.343,0.381,0
1,0.675,0.52,0.175,1.494,0.7365,0.3055,0.37,0
0,0.7,0.545,0.215,1.9125,0.8825,0.4385,0.506,1
1,0.715,0.565,0.18,1.79,0.844,0.3535,0.5385,0
0,0.51,0.41,0.155,1.2825,0.569,0.291,0.3795,0
1,0.56,0.42,0.18,1.6645,0.7755,0.35,0.4525,0
1,0.57,0.45,0.15,0.9645,0.531,0.189,0.209,0
1,0.605,0.465,0.155,1.1,0.547,0.2665,0.2585,1
0,0.625,0.48,0.16,1.2415,0.6575,0.2625,0.2785,0
1,0.64,0.505,0.175,1.3185,0.6185,0.302,0.3315,0
0,0.65,0.525,0.185,1.3455,0.586,0.278,0.3865,0
2,0.455,0.35,0.13,0.4725,0.215,0.0745,0.15,0
2,0.54,0.415,0.135,0.709,0.3195,0.174,0.185,0
2,0.55,0.445,0.11,0.7935,0.378,0.142,0.26,1
2,0.57,0.425,0.14,0.7655,0.331,0.14,0.24,1
0,0.58,0.45,0.14,0.824,0.3465,0.1765,0.263,1
2,0.585,0.47,0.17,0.985,0.3695,0.2395,0.315,1
1,0.595,0.455,0.14,0.914,0.3895,0.2225,0.271,0
1,0.615,0.495,0.155,1.0805,0.52,0.19,0.32,0
1,0.635,0.495,0.175,1.2355,0.5205,0.3085,0.347,1
1,0.645,0.535,0.19,1.2395,0.468,0.2385,0.424,1
0,0.695,0.53,0.21,1.51,0.664,0.4095,0.385,1
1,0.56,0.44,0.135,0.8025,0.35,0.1615,0.259,0
2,0.475,0.365,0.115,0.499,0.232,0.0885,0.156,1
0,0.5,0.38,0.125,0.577,0.269,0.1265,0.1535,0
0,0.52,0.385,0.165,0.791,0.375,0.18,0.1815,1
0,0.55,0.43,0.13,0.8395,0.3155,0.1955,0.2405,1
0,0.59,0.44,0.135,0.966,0.439,0.2145,0.2605,1
0,0.6,0.475,0.205,1.176,0.5255,0.2875,0.308,0
1,0.625,0.485,0.15,1.0945,0.531,0.261,0.296,1
